iso3,un_name,wb_region,wb_income_group,feasibility_flag,current_total,target_balanced,target_equity,target_efficiency,wap,delta_balanced,delta_equity,delta_efficiency,pct_change_balanced,unemp_rate_filled,mfg_target_unemp_leveling,unemp_rate_2050_unemp_lev_pct,baseline_unemp_2050_K,labor_force_2050_K,total_emp_2050_K,delta_unemp_leveling,mfg_target_informal_insertion,unemp_rate_2050_ii_pct,mfg_employment_informal_thousands,informal_share,informal_share_after,informal_formalized,demand_unemp,demand_informal,effective_demand,delta_informal_insertion
AFG,Afghanistan,"Middle East, North Africa, Afghanistan & Pakistan",Low income,severe_conflict,491.404,893.3425500986109,1273.8719220453968,470.9410745502581,15587.748,401.93855009861096,782.4679220453968,-20.462925449741817,82.0,5.679,483.1246970630353,5.730977872741278,904.580331962692,15928.514385678676,15023.934053715984,-8.279302936964712,595.80425,5.023570074319882,417.601,0.8498119673425532,0.5256772673239575,104.40025,0.0,104.40025,104.40025,104.40025000000003
AGO,Angola,Sub-Saharan Africa,Lower middle income,below_average,471.43500000000006,1517.2472728541284,1858.9524591391928,1099.1173468770776,19443.76,1045.8122728541284,1387.5174591391924,627.6823468770775,222.0,10.923,764.1207616100742,9.999999999999975,3463.712431275013,31710.26669664941,28246.554265374405,292.6857616100741,764.1207616100742,9.999999999999975,420.392,0.8917284461272498,0.4126232604067005,105.098,292.6857616100741,105.098,292.6857616100741,292.6857616100741
ALB,Albania,Europe & Central Asia,Upper middle income,stable,119.31799999999998,161.45422624654498,173.55880529217035,141.59564996941265,1543.171,42.13622624654499,54.24080529217037,22.277649969412664,35.0,8.431,117.30769917250824,8.643621747957377,79.71360615462743,945.4822222112136,865.7686160565862,-2.010300827491747,101.059209214961,10.36216172426139,0.0,0.0,0.0,0.0,0.0,0.0,0.0,-18.258790785038983
AND,Andorra,Europe & Central Asia,High income,stable,4.224932733821807,6.159527594315305,6.229151249993873,6.063133010367952,51.576,1.9345948604934984,2.004218516172066,1.8382002765461447,46.0,5.7,4.153749963653861,5.889479667327016,2.1413473840285207,37.567497965412585,35.426150581384064,-0.0711827701679457,3.578406955081674,7.420971088719767,0.0,0.0,0.0,0.0,0.0,0.0,0.0,-0.6465257787401328
ARE,United Arab Emirates,"Middle East, North Africa, Afghanistan & Pakistan",High income,stable,923.183,1576.3666906645376,1534.1799957441367,1540.9937731198438,11338.935,653.1836906645376,610.9969957441367,617.8107731198438,71.0,1.875,907.6289716989364,2.038327308067104,178.56048329966143,9523.225775981911,9344.66529268225,-15.554028301063568,781.9117311779895,3.358439247847144,0.0,0.0,0.0,0.0,0.0,0.0,0.0,-141.27126882201048
ARG,Argentina,Latin America & Caribbean,Upper middle income,below_average,1410.892,2089.897372406409,2204.131275836971,1949.7289076903744,19324.59,679.0053724064089,793.2392758369708,538.8369076903743,48.0,1.694,1387.1209230870322,1.8682904150520387,231.04084225484985,13638.77463133708,13407.73378908223,-23.77107691296783,1582.425,0.436313700192129,686.132,0.4863107877853159,0.3251964548082848,171.5329999999999,0.0,171.533,171.533,171.5329999999999
ARM,Armenia,Europe & Central Asia,Upper middle income,below_average,106.207,153.98906206479975,176.7451181438318,117.34605481519526,1685.804,47.78206206479976,70.53811814383181,11.139054815195266,45.0,8.298,104.41759672484103,8.472517241828188,85.08310251595492,1025.3446916842,940.261589168245,-1.7894032751589606,124.682,6.496166904277474,73.9,0.6958110105736911,0.4445308865754481,18.474999999999994,0.0,18.475,18.475,18.47500000000001
ATG,Antigua and Barbuda,Latin America & Caribbean,High income,stable,1.9659999999999984,7.211575868062872,7.455338343568362,6.893319624491592,63.837,5.245575868062874,5.489338343568363,4.927319624491593,267.0,8.78,1.9328763185198463,8.844417559782528,4.514699476005433,51.42026738047187,46.90556790446644,-0.0331236814801521,2.1477499999999985,8.42654014990785,0.727,0.3697863682604272,0.2538703294145037,0.18175,0.0,0.18175,0.18175,0.18175000000000008
AUS,Australia,East Asia & Pacific,High income,stable,959.068,2364.160518730582,2313.577489768906,2371.999168245029,17685.85,1405.092518730582,1354.509489768906,1412.9311682450289,147.0,3.942,942.909371846487,4.040101234547651,649.3018408469088,16471.381046344744,15822.079205497836,-16.15862815351295,812.3053827869578,4.833015858355181,0.0,0.0,0.0,0.0,0.0,0.0,0.0,-146.76261721304218
AUT,Austria,Europe & Central Asia,High income,stable,667.1699999999998,850.5889808489563,813.3266323943163,866.5481881222333,5934.272,183.4189808489565,146.1566323943165,199.3781881222335,27.0,5.778,655.929345588447,6.043983569423921,244.18238062830187,4226.070969683325,3981.888589055023,-11.240654411552896,670.2834999999999,5.704326367390979,12.454,0.0186669064856033,0.0139351483364874,3.1135,0.0,3.1135,3.1135,3.1135000000000446
AZE,Azerbaijan,Europe & Central Asia,Upper middle income,below_average,276.265,788.3964061846774,817.7285321952492,736.5778755255424,6928.566,512.1314061846774,541.4635321952492,460.3128755255424,185.0,5.7,271.61041512506904,5.789416701885494,296.7134017208391,5205.498275804191,4908.784874083352,-4.654584874930947,233.9891921903753,6.512137581643769,0.0,0.0,0.0,0.0,0.0,0.0,0.0,-42.275807809624695
BDI,Burundi,Sub-Saharan Africa,Low income,fragile,62.846,470.2983542765388,564.5389371678035,378.7755769864114,5989.73,407.4523542765388,501.6929371678035,315.9295769864114,648.0,1.03,61.78715417787302,1.0412281378395771,97.13197436413977,9430.288773217391,9333.156798853252,-1.058845822126976,78.55749999999999,0.8633932249813977,62.846,1.0,0.6000000000000001,15.711499999999994,0.0,15.7115,15.7115,15.711499999999994
BEL,Belgium,Europe & Central Asia,High income,stable,583.5,1002.7541693481556,976.6604945442618,1017.23952768379,7480.5,419.25416934815553,393.1604945442618,433.73952768379,72.0,6.2,573.6690396013893,6.3923780682872415,316.8342161559667,5110.229292838173,4793.395076682206,-9.830960398610728,585.365,6.1635045730215365,7.46,0.0127849185946872,0.0095581389389526,1.865,0.0,1.865,1.865,1.865000000000009
BEN,Benin,Sub-Saharan Africa,Lower middle income,below_average,774.463,712.4924347621776,745.8535797147973,719.0051807556264,6849.505,-61.97056523782237,-28.60942028520265,-55.45781924437358,-8.0,1.685,761.4146451016464,1.8135532641745005,171.0301029297916,10150.154476545522,9979.12437361573,-13.048354898353525,964.79675,-0.1901808205462694,761.335,0.983048899689204,0.59183579339379,190.33375,0.0,190.33375,190.33375,190.33375
BFA,Burkina Faso,Sub-Saharan Africa,Low income,severe_conflict,775.183,849.3345598364851,1031.7930534032005,618.4321650683023,10779.603,74.15155983648515,256.6100534032005,-156.75083493169768,10.0,3.441,762.1225143535968,3.533614617837893,485.248788565279,14101.97002514615,13616.721236580872,-13.060485646403208,962.719,2.1111432518606104,750.144,0.967699240050414,0.5843948234116081,187.536,0.0,187.536,187.536,187.53600000000006
BGD,Bangladesh,South Asia,Lower middle income,fragile,8122.129,8231.750393489436,10435.176457453472,5491.255136146888,112966.688,109.62139348943585,2313.047457453472,-2630.873863853112,1.0,3.635,7985.285249269224,3.7956168061724656,3096.9799845993257,85198.89916366781,82101.91917906849,-136.84375073077626,9885.77525,1.564965918207435,7054.585,0.8685635256470318,0.5352072666228175,1763.64625,0.0,1763.64625,1763.64625,1763.6462500000007
BGR,Bulgaria,Europe & Central Asia,High income,stable,470.9,479.5452082296238,484.0224077212325,467.08739508776455,3963.7,8.645208229623847,13.122407721232548,-3.812604912235429,2.0,3.5,462.9661538102728,3.854542101103224,78.3220429326725,2237.772655219207,2159.4506122865346,-7.933846189727205,473.493,3.384125851929065,10.372,0.0220259078360586,0.0164289651589358,2.593,0.0,2.593,2.593,2.5930000000000177
BHR,Bahrain,"Middle East, North Africa, Afghanistan & Pakistan",High income,below_average,91.831,127.06010670147911,128.70223221976522,122.1593200280594,1051.479,35.229106701479125,36.87123221976522,30.328320028059395,38.0,0.894,90.28380732756672,1.0461031516341737,9.09376455579411,1017.1996147420766,1008.1058501862824,-1.5471926724332832,77.77844282856807,2.2754945432313343,0.0,0.0,0.0,0.0,0.0,0.0,0.0,-14.052557171431928
BHS,Bahamas,Latin America & Caribbean,High income,stable,5.945999999999999,21.81702631643317,23.0591671906432,19.999603214988248,202.42,15.871026316433175,17.113167190643196,14.05360321498825,267.0,8.645,5.845820239022896,8.692860341388545,18.095442040762748,209.3168541441612,191.2214121033984,-0.1001797609771024,6.165999999999999,8.539896184590832,0.88,0.1479986545576858,0.1070385987674343,0.2199999999999997,0.0,0.22,0.22,0.21999999999999975
BIH,Bosnia and Herzegovina,Europe & Central Asia,Upper middle income,below_average,233.156,263.0883701913193,269.0052291894903,253.4540954486796,2257.048,29.932370191319308,35.8492291894903,20.29809544867961,13.0,10.706,240.955296509485,9.99999999999998,118.27091845686448,1104.716219473796,986.4453010169316,7.7992965094850035,240.955296509485,9.99999999999998,6.439,0.027616702979979,0.0200420993850612,1.60975,7.799296509484994,1.60975,7.799296509484994,7.7992965094850035
BLR,Belarus,Europe & Central Asia,Upper middle income,below_average,908.848,638.163696552747,693.2473510296675,521.923577549672,6089.333,-270.684303447253,-215.6006489703325,-386.924422450328,-30.0,3.039,893.5354915229536,3.442037684772307,115.4599557806432,3799.274622594384,3683.8146668137406,-15.312508477046322,769.7703630349058,6.699636589363546,0.0,0.0,0.0,0.0,0.0,0.0,0.0,-139.07763696509414
BLZ,Belize,Latin America & Caribbean,Upper middle income,stable,13.27,24.88223366715228,26.77475690561343,22.948214216162825,246.047,11.612233667152276,13.50475690561343,9.678214216162823,88.0,9.053,13.046423574139563,9.156142305095438,19.62373617151028,216.7650079698473,197.14127179833707,-0.2235764258604362,11.23934114117344,9.989801967183286,0.0,0.0,0.0,0.0,0.0,0.0,0.0,-2.030658858826559
BOL,Bolivia (Plurinational State of),Latin America & Caribbean,Lower middle income,below_average,851.178,707.4344885568671,801.6242825878992,592.1740320939933,7813.497,-143.7435114431329,-49.55371741210081,-259.00396790600666,-17.0,2.73,836.8371307452122,2.8943941866681056,238.15059315090548,8723.464950582611,8485.314357431706,-14.340869254787776,1031.45125,0.6634673662217196,721.093,0.8471706270603798,0.5243289491384105,180.27325,0.0,180.27325,180.27325,180.27325000000008
BRA,Brazil,Latin America & Caribbean,Upper middle income,below_average,11867.923,16300.304673710874,16999.56639430395,15631.58011059645,147383.109,4432.381673710874,5131.64339430395,3763.657110596449,37.0,5.832,11667.96913363023,6.016647290895028,6315.451166470637,108289.62905470905,101974.1778882384,-199.95386636977128,12561.226750000002,5.19176902308002,2773.215,0.2336731540978147,0.1655818568835245,693.30375,0.0,693.30375,693.30375,693.303750000001
BRB,Barbados,Latin America & Caribbean,High income,stable,7.208999999999999,17.045655420681108,18.180759922405542,15.374179950147136,161.372,9.836655420681108,10.971759922405544,8.165179950147138,136.0,6.54,7.087540885152381,6.641326402139468,7.839443563881119,119.86916764344214,112.02972407956102,-0.1214591148476174,8.00325,5.877402590161847,3.177,0.4406991260923845,0.2977228001124543,0.79425,0.0,0.79425,0.79425,0.7942500000000008
BRN,Brunei Darussalam,East Asia & Pacific,High income,stable,15.443,39.44708152185101,40.50542834914619,35.99569500637603,329.97,24.00408152185101,25.062428349146195,20.55269500637604,155.0,4.871,15.182812302595122,4.979499533239055,11.680919136000398,239.80536103470337,228.12444189870297,-0.2601876974048771,17.041,4.204626240420555,6.392,0.4139092145308554,0.2813215186902177,1.598,0.0,1.598,1.598,1.5980000000000008
BTN,Bhutan,South Asia,Lower middle income,stable,26.577,52.41008481234337,57.737245684940575,46.54409841558967,546.472,25.83308481234337,31.160245684940573,19.967098415589664,97.0,3.282,26.129223762615464,3.3901413641345632,13.589634483130055,414.0656454335788,400.4760109504488,-0.447776237384538,22.5100203096433,4.264206501603878,0.0,0.0,0.0,0.0,0.0,0.0,0.0,-4.066979690356703
BWA,Botswana,Sub-Saharan Africa,Upper middle income,stable,45.864,154.6214492753079,165.86493946215538,140.87550167830645,1501.277,108.75744927530788,120.00093946215536,95.01150167830644,237.0,24.433,147.09206129757004,18.35825515790655,407.145532195093,1666.3755257033238,1259.2299935082308,101.22806129757004,147.09206129757004,18.35825515790655,37.047,0.8077577184720042,0.1888970060987173,9.26175,240.5079796247607,9.26175,240.5079796247607,101.22806129757004
CAF,Central African Republic,Sub-Saharan Africa,Low income,severe_conflict,81.23584422648771,104.2808508593,124.2731242297236,86.237738727315,1323.339,23.045006632812274,43.03728000323588,5.001894500827291,28.0,5.363,79.86716150577081,5.398095530967119,209.1504310928376,3899.8775143173175,3690.72708322448,-1.3686827207169046,68.80462442748458,5.681759236754618,0.0,0.0,0.0,0.0,0.0,0.0,0.0,-12.43121979900313
CAN,Canada,North America,High income,stable,1847.058,3818.931346479236,3667.08190575704,3882.907427970551,26810.526,1971.873346479236,1820.02390575704,2035.849427970551,107.0,6.819,1815.938284401136,6.943655410366372,1702.3355829076609,24964.59279817661,23262.25721526895,-31.119715598864104,1564.4095681637932,7.951197244798831,0.0,0.0,0.0,0.0,0.0,0.0,0.0,-282.6484318362068
CHE,Switzerland,Europe & Central Asia,High income,stable,558.7,825.5029266013684,796.807120831336,822.358748146065,5846.8,266.8029266013683,238.10712083133592,263.6587481460649,48.0,4.9,549.2868764786567,5.089991008442139,242.7709902315246,4954.510004724989,4711.739014493464,-9.413123521343325,473.2042121758555,6.625615403795932,0.0,0.0,0.0,0.0,0.0,0.0,0.0,-85.49578782414454
CHL,Chile,Latin America & Caribbean,High income,stable,899.041,1659.8145024803234,1681.9761273555762,1586.5900771525603,13660.089,760.7735024803234,782.9351273555761,687.5490771525602,85.0,8.894,883.8937224203473,9.041031396427982,916.2661177567096,10302.070134435677,9385.804016678969,-15.147277579652725,950.4555,8.394930402054399,205.658,0.2287526375326597,0.1622837681511654,51.414499999999975,0.0,51.4145,51.4145,51.414499999999975
CHN,China,East Asia & Pacific,Upper middle income,below_average,215200.0,71678.32488410543,46449.492830234056,101691.00556931995,950436.282,-143521.67511589458,-168750.50716976594,-113508.99443068005,-67.0,4.569,211574.25419403423,5.144020657824382,28809.45642915787,630541.8347375337,601732.3783083758,-3625.7458059657656,182268.7425456311,9.791691919890871,0.0,0.0,0.0,0.0,0.0,0.0,0.0,-32931.2574543689
CIV,Côte d'Ivoire,Sub-Saharan Africa,Lower middle income,below_average,1110.439,1692.437535660065,1795.4457837750936,1656.9974376350062,16601.831,581.9985356600646,685.0067837750935,546.5584376350062,52.0,2.31,1091.7300337033885,2.39411068464223,513.8195263657253,22243.269539641817,21729.45001327609,-18.708966296611607,1367.64925,1.1536490888104278,1028.841,0.9265173503452236,0.5642022250953599,257.21024999999986,0.0,257.21025,257.21025,257.21024999999986
CMR,Cameroon,Sub-Saharan Africa,Lower middle income,severe_conflict,887.897,1176.2953146122622,1384.8601492960513,879.0823961014258,13814.286,288.3983146122622,496.96314929605126,-8.814603898574205,32.0,3.275,872.9374794429388,3.356988389833173,597.5532624079497,18245.90114222739,17648.34787981944,-14.959520557061296,1067.03375,2.293208261660402,716.547,0.8070159038717328,0.5036487833679113,179.13675,0.0,179.13675,179.13675,179.13675
COD,Democratic Republic of the Congo,Sub-Saharan Africa,Low income,severe_conflict,1602.239,3795.8232764252007,4599.357067608582,2970.6657352547245,47455.816,2193.5842764252006,2997.118067608582,1368.4267352547245,137.0,1.466,1575.2440588549964,1.505405655291995,1004.2869081946992,68505.24612514986,67500.95921695516,-26.994941145003622,1980.571,0.9137328067563892,1513.328,0.9445082787274556,0.5730650403343279,378.3319999999999,0.0,378.332,378.332,378.3319999999999
COG,Congo,Sub-Saharan Africa,Lower middle income,below_average,110.534,237.46304834699987,272.24790496355155,204.6353275625298,2744.298,126.92904834699986,161.71390496355156,94.1013275625298,115.0,10.0,108.6716942987146,10.085819704748724,217.00211003263144,2170.021100326315,1953.018990293684,-1.862305701285408,136.082,8.822684258869257,102.192,0.9245300088660502,0.5632192354609721,25.547999999999988,0.0,25.548,25.548,25.547999999999988
COL,Colombia,Latin America & Caribbean,Upper middle income,below_average,2609.324,3503.518976640971,3841.4785238399822,2960.846263766758,34837.71,894.1949766409707,1232.1545238399822,351.522263766758,34.0,8.428,2565.3614277443967,8.584017622074787,2374.83788076611,28177.95302285368,25803.11514208757,-43.96257225560339,2890.23075,7.43109738691036,1123.627,0.4306199613386455,0.2915754217894193,280.90675,0.0,280.90675,280.90675,280.9067500000001
COM,Comoros,Sub-Saharan Africa,Lower middle income,below_average,13.667999999999996,40.46668331621318,45.094199543782935,37.268196470660406,445.817,26.79868331621318,31.426199543782936,23.600196470660407,196.0,4.394,13.437717966189863,4.445900038049124,19.496310496034937,443.7030153854112,424.2067048893762,-0.2302820338101323,16.911499999999997,3.662993022915886,12.974,0.9492244659057654,0.5753777015640246,3.2435,0.0,3.2435,3.2435,3.243500000000001
CPV,Cabo Verde,Sub-Saharan Africa,Upper middle income,stable,19.906,32.20285169252708,37.21018359240168,26.292382154116027,371.732,12.296851692527078,17.304183592401678,6.386382154116028,62.0,11.3,23.359930561492632,9.999999999999964,30.022627188359024,265.6869662686641,235.66433908030515,3.453930561492633,23.359930561492632,9.999999999999964,5.945,0.2986536722596202,0.1908717146338597,1.48625,3.4539305614926348,1.48625,3.4539305614926348,3.4539305614926334
CRI,Costa Rica,Latin America & Caribbean,High income,stable,242.25800000000004,366.7783348817553,389.2722428848097,334.7821254694009,3441.498,124.52033488175528,147.01424288480968,92.52412546940089,51.0,6.342,238.17637394302207,6.511520150093271,152.6996787055091,2407.752738970501,2255.0530602649924,-4.081626056977967,256.02225000000004,5.770336233317463,55.057,0.2272659726407384,0.1612857866845557,13.76425,0.0,13.76425,13.76425,13.764250000000004
CUB,Cuba,Latin America & Caribbean,Upper middle income,stable,462.0,673.3292332963874,785.1940152829895,521.7319768741995,7761.69,211.32923329638743,323.19401528298954,59.73197687419952,46.0,1.7,454.2161033347761,1.8861650937724268,71.08005084485922,4181.179461462286,4110.099410617427,-7.783896665223892,391.3018543498214,3.390866089384587,0.0,0.0,0.0,0.0,0.0,0.0,0.0,-70.69814565017862
CYP,Cyprus,Europe & Central Asia,High income,stable,30.1,68.07993605097366,72.14333855538082,61.47176946103001,630.8,37.979936050973656,42.04333855538082,31.37176946103001,126.0,4.4,29.59286733847784,4.49750384546557,22.8850841732766,520.1155493926492,497.2304652193726,-0.5071326615221601,30.2585,4.369526002407531,0.634,0.021063122923588,0.0157145925938166,0.1585,0.0,0.1585,0.1585,0.15850000000000009
CZE,Czechia,Europe & Central Asia,High income,stable,1258.8,863.1734154310429,857.6183496334356,830.8088830060606,6686.5,-395.626584568957,-401.1816503665643,-427.9911169939394,-31.0,2.8,1237.5914088264417,3.262867507155118,128.2960120725511,4582.00043116253,4453.704419089979,-21.20859117355826,1264.798,2.6690964767439262,23.992,0.0190594216714331,0.0142267777147022,5.998,0.0,5.998,5.998,5.998000000000047
DEU,Germany,Europe & Central Asia,High income,stable,7611.7,7564.763508133566,7231.082115353027,7567.041204087401,52604.6,-46.93649186643415,-380.6178846469729,-44.65879591259909,-1.0,3.8,7483.456090375141,4.139293918132602,1436.297058481301,37797.29101266583,36360.99395418453,-128.24390962485904,7656.35375,3.681859919577213,178.615,0.0234658486277704,0.0174967424931221,44.65375,0.0,44.65375,44.65375,44.6537500000004
DJI,Djibouti,"Middle East, North Africa, Afghanistan & Pakistan",Lower middle income,below_average,0.1979999999999986,33.348511197373575,36.155340217186286,29.698775269591746,330.769,33.150511197373575,35.957340217186285,29.500775269591745,16743.0,26.064,0.6350128234981394,25.85227598806829,53.7978764323135,206.40683100181667,152.60895456950317,0.4370128234981407,0.6350128234981394,25.85227598806829,0.157,0.7929292929292929,0.1854293262163469,0.03925,33.15719333213183,0.03925,33.15719333213183,0.43701282349814075
DMA,Dominica,Latin America & Caribbean,Upper middle income,stable,1.932999999999999,4.246942908891656,4.550109545457826,3.898955543230745,41.28,2.313942908891657,2.6171095454578275,1.9659555432307465,120.0,10.96,2.180955016697761,9.999999999999998,2.8308197739661125,25.828647572683508,22.997827798717395,0.247955016697762,2.180955016697761,9.999999999999998,0.0,0.0,0.0,0.0,0.2479550166977618,0.0,0.2479550166977618,0.247955016697762
DNK,Denmark,Europe & Central Asia,High income,stable,348.0,547.855385127903,523.8982390307024,556.2875088351838,3805.3,199.855385127903,175.89823903070237,208.28750883518376,57.0,6.4,342.13680510931187,6.58800309771027,199.5948351778452,3118.6692996538286,2919.0744644759834,-5.863194890688135,349.7225,6.344768109905373,6.89,0.0197988505747126,0.0147760009721993,1.7225,0.0,1.7225,1.7225,1.722500000000025
DOM,Dominican Republic,Latin America & Caribbean,Upper middle income,stable,499.4309999999999,709.9121554163432,763.8673337831867,645.3861593668049,6951.825,210.4811554163433,264.4363337831868,145.955159366805,42.0,5.166,491.01645607054223,5.30792711577495,306.2806828859202,5928.778220788232,5622.497537902312,-8.414543929457693,540.7094999999999,4.469760429842622,165.114,0.3306042276110214,0.2290240877957572,41.2785,0.0,41.2785,41.2785,41.27850000000001
DZA,Algeria,"Middle East, North Africa, Afghanistan & Pakistan",Upper middle income,below_average,1163.608,2715.909339349683,2986.8515817158527,2306.515336752505,26887.519,1552.3013393496828,1823.2435817158528,1142.907336752505,133.0,11.707,1427.9784088208278,9.99999999999999,1813.113284162524,15487.428753416969,13674.315469254445,264.37040882082783,1427.9784088208278,9.99999999999999,0.0,0.0,0.0,0.0,264.3704088208278,0.0,264.3704088208278,264.37040882082783
ECU,Ecuador,Latin America & Caribbean,Upper middle income,below_average,821.51,1189.4333492589897,1273.743432063503,1082.581735390434,11489.072,367.9233492589897,452.23343206350296,261.071735390434,45.0,3.232,807.6689849579045,3.3739579604909,315.1225930645924,9750.080230958902,9434.95763789431,-13.841015042095478,927.7295,2.142578195421146,424.878,0.5171915131891274,0.3434821249081763,106.2195,0.0,106.2195,106.2195,106.21950000000004
EGY,Egypt,"Middle East, North Africa, Afghanistan & Pakistan",Lower middle income,below_average,3945.507,7166.680404526109,7615.337494701549,6888.423086173529,68439.564,3221.1734045261087,3669.830494701549,2942.9160861735286,82.0,5.945,3879.032067575936,6.084717761694908,2828.512770796144,47578.01128336656,44749.49851257041,-66.47493242406426,4590.01175,4.590372657210428,2578.019,0.6534062669258982,0.4212438562929605,644.5047499999996,0.0,644.50475,644.50475,644.5047499999996
ERI,Eritrea,Sub-Saharan Africa,Low income,below_average,55.16140037717689,134.119304276667,181.48882785187857,79.27458466152011,2131.888759551607,78.95790389949012,126.32742747470168,24.11318428434322,143.0,5.363,54.232026696560034,5.400725958731333,132.1167497595252,2463.4859175745937,2331.3691678150685,-0.9293736806168552,46.72025596563259,5.70565040247743,0.0,0.0,0.0,0.0,0.0,0.0,0.0,-8.4411444115443
ESP,Spain,Europe & Central Asia,High income,below_average,2698.1,4307.3305564235225,4195.785171784291,4438.434917717564,32541.4,1609.2305564235226,1497.6851717842917,1740.3349177175637,60.0,10.5,2806.2113453408897,9.999999999999982,2270.3382521586827,21622.26906817792,19351.93081601924,108.11134534088978,2806.2113453408897,9.999999999999982,84.265,0.031231236796264,0.0225210229104546,21.06625,108.1113453408896,21.06625,108.1113453408896,108.11134534088978
EST,Estonia,Europe & Central Asia,High income,stable,107.6,111.8739271892626,111.147913170928,107.46224542125816,860.6,4.273927189262579,3.547913170927984,-0.1377545787418483,4.0,7.5,105.7871270970171,7.799436323594372,45.4071390176091,605.4285202347887,560.0213812171796,-1.812872902982889,108.1945,7.401805088440573,2.378,0.0221003717472118,0.0164842020620272,0.5944999999999965,0.0,0.5945,0.5945,0.5945000000000107
FIN,Finland,Europe & Central Asia,High income,stable,335.8,501.39535067949765,479.3352666272899,507.5386494961473,3470.1,165.59535067949764,143.5352666272899,171.73864949614727,49.0,9.7,330.1423538957096,9.923219239471663,245.8532129287396,2534.5692054509227,2288.715992522183,-5.657646104290393,336.25125,9.682196185488662,1.805,0.0053752233472304,0.0040260073382626,0.45125,0.0,0.45125,0.45125,0.4512500000000159
FJI,Fiji,East Asia & Pacific,Upper middle income,stable,19.247,49.48258913570704,56.82570120867261,38.95604296885095,550.589,30.23558913570704,37.57870120867261,19.70904296885095,157.0,5.361,18.92272151706588,5.460676604870057,17.440972726511745,325.3305862061504,307.8896134796386,-0.324278482934119,20.1665,5.078364416692948,3.678,0.1910947160596456,0.1367862544318548,0.9194999999999992,0.0,0.9195,0.9195,0.9194999999999993
FRA,France,Europe & Central Asia,High income,below_average,3223.2,5601.996185784216,5460.575796622862,5642.30423705378,41383.32,2378.7961857842165,2237.3757966228623,2419.10423705378,74.0,7.7,3168.894684564178,7.881431247453633,2304.734904954468,29931.622142265816,27626.887237311348,-54.30531543582174,3251.035,7.607004706033979,111.34,0.0345433109952841,0.0256856662570535,27.835,0.0,27.835,27.835,27.835000000000036
FSM,Micronesia (Federated States of),East Asia & Pacific,Lower middle income,stable,0.8349999999999983,6.369705972034089,6.9119333867526045,5.832878670899306,64.488,5.534705972034091,6.076933386752606,4.997878670899308,663.0,8.863,0.8209317019145828,8.899209831004505,3.443466110501653,38.85215063185889,35.40868452135724,-0.0140682980854155,0.7072230484461044,9.191879996282916,0.0,0.0,0.0,0.0,0.0,0.0,0.0,-0.1277769515538939
GAB,Gabon,Sub-Saharan Africa,Upper middle income,below_average,7.951999999999999,76.2436356210685,92.93066846602792,52.43194955856158,956.944,68.29163562106851,84.97866846602791,44.47994955856158,859.0,20.39,25.503141275036565,18.407377701823705,180.50224237222528,885.2488591085106,704.7466167362853,17.551141275036567,25.503141275036565,18.407377701823705,0.0,0.0,0.0,0.0,91.97735646137426,0.0,91.97735646137426,17.551141275036567
GBR,United Kingdom of Great Britain and Northern Ireland,Europe & Central Asia,High income,stable,2667.359,5859.894516389613,5804.129271576417,5722.61517656775,44111.143,3192.5355163896133,3136.7702715764167,3055.2561765677497,120.0,4.896,2622.4186389068072,5.020971380297086,1760.6271723109749,35960.522310273205,34199.89513796223,-44.94036109319268,2737.083,4.702109601527995,278.896,0.1045588539075542,0.0764215042072162,69.724,0.0,69.724,69.724,69.72400000000016
GEO,Georgia,Europe & Central Asia,Upper middle income,below_average,111.386,214.7442024223795,241.2317360138057,170.5097692776169,2238.624,103.35820242237948,129.84573601380572,59.1237692776169,93.0,8.014,109.5093395801891,8.121518262499698,139.87908895389387,1745.434102244746,1605.5550132908522,-1.8766604198108892,121.31575,7.445101409830955,39.719,0.3565887993105058,0.2455513814158508,9.92975,0.0,9.92975,9.92975,9.929749999999999
GHA,Ghana,Sub-Saharan Africa,Lower middle income,stable,4949.787,6384.900729020989,7489.124911775465,5112.909819538328,74168.424,1435.113729020989,2539.337911775465,163.12281953832735,29.0,3.972,4866.391695837947,4.28380086008469,1062.364446466534,26746.335510235043,25683.97106376851,-83.39530416205343,5177.8910000000005,3.1191579352890697,912.416,0.1843343966114097,0.132160371857963,228.104,0.0,228.104,228.104,228.10400000000027
GIN,Guinea,Sub-Saharan Africa,Lower middle income,fragile,276.45,469.36614868738747,557.2214915462062,380.3332197746861,5826.541,192.91614868738748,280.77149154620616,103.88321977468615,70.0,5.018,271.7922981967507,5.096954031481957,296.0247527581505,5899.25772734457,5603.23297458642,-4.657701803249267,234.14588232685745,5.735109162345149,0.0,0.0,0.0,0.0,0.0,0.0,0.0,-42.30411767314254
GMB,Gambia,Sub-Saharan Africa,Low income,below_average,54.98299999999999,103.27639660163518,126.2424962309783,78.93452174987517,1361.275,48.2933966016352,71.25949623097831,23.951521749875184,88.0,7.053,54.05663205553245,7.127591763414628,87.59242057347774,1241.917206486285,1154.324785912807,-0.9263679444675432,66.82074999999999,6.0998164916168784,47.351,0.8611934597966645,0.5314703890632776,11.83775,0.0,11.83775,11.83775,11.83775
GNB,Guinea-Bissau,Sub-Saharan Africa,Low income,below_average,36.172,75.81398157048972,95.75362138609418,53.25145509487457,1059.458,39.64198157048972,59.58162138609418,17.079455094874575,110.0,2.666,35.562564696592034,2.715148012006221,33.05839753355804,1239.999907485296,1206.941509951738,-0.6094353034079631,45.0155,1.9528144629192423,35.374,0.977938737144753,0.589363663626973,8.843499999999999,0.0,8.8435,8.8435,8.843500000000006
GNQ,Equatorial Guinea,Sub-Saharan Africa,Upper middle income,below_average,1.4999999999999984,82.66460110007583,105.35727633569972,50.47573773974575,1131.6433336521086,81.16460110007583,103.85727633569972,48.97573773974575,5411.0,5.363,1.4747276082297909,5.381169488524085,7.45952957805801,139.09247768148467,131.63294810342666,-0.0252723917702075,1.2704605660708477,5.528026490113124,0.0,0.0,0.0,0.0,0.0,0.0,0.0,-0.22953943392915077
GRC,Greece,Europe & Central Asia,High income,stable,1690.4,3385.205207317699,3336.777325457083,3385.160155415045,26018.271,1694.8052073176991,1646.3773254570829,1694.7601554150451,100.0,8.838,1661.9196993010942,9.424984149129587,428.8171971086076,4851.971001455166,4423.153804346558,-28.48030069890592,1693.0285,8.783826139537696,10.514,0.0062198296261239,0.0046576298036329,2.6285,0.0,2.6285,2.6285,2.6284999999998035
GRD,Grenada,Latin America & Caribbean,Upper middle income,stable,2.071999999999999,6.4240398266665055,7.309579945310309,5.255720729925248,70.816,4.352039826666506,5.23757994531031,3.1837207299252483,210.0,6.34,2.0370904028347527,6.406808055106518,3.3128766534929284,52.25357497622917,48.94069832273624,-0.0349095971652464,2.2842499999999992,5.933807696226424,0.849,0.4097490347490347,0.2787567035131882,0.21225,0.0,0.21225,0.21225,0.21225000000000005
GTM,Guatemala,Latin America & Caribbean,Upper middle income,below_average,1155.304,1028.7442156799598,1125.8741106589089,929.9791968083964,10616.661,-126.55978432004032,-29.42988934109121,-225.3248031916036,-11.0,1.903,1135.8391364655415,2.099877031201167,188.1460477135333,9886.812806806813,9698.66675909328,-19.464863534458573,1370.13675,-0.2699221964442691,859.331,0.7438137494546889,0.4703897256970882,214.83275,0.0,214.83275,214.83275,214.8327499999998
GUY,Guyana,Latin America & Caribbean,High income,stable,25.393000000000004,46.12606695366735,51.960977977354375,38.232619817595626,496.471,20.733066953667343,26.56797797735437,12.839619817595622,82.0,13.172,35.17800013579837,9.999999999999996,40.63304596114,308.48045825341626,267.84741229227626,9.785000135798366,35.17800013579837,9.999999999999996,12.154,0.4786358445240814,0.2591250203198375,3.0385,9.785000135798365,3.0385,9.785000135798365,9.785000135798366
HND,Honduras,Latin America & Caribbean,Lower middle income,below_average,549.152,634.7062364143858,678.4390992513628,610.7976085884371,6305.195,85.55423641438574,129.28709925136275,61.645608588437085,16.0,4.851,539.8997436764047,5.016226417143665,271.6435797717195,5599.743965609555,5328.100385837835,-9.25225632359536,630.99775,3.3894019251121037,327.383,0.5961609900355457,0.3891253970398469,81.84574999999995,0.0,81.84575,81.84575,81.84574999999995
HRV,Croatia,Europe & Central Asia,High income,stable,263.1,300.3199453250985,303.5937516105461,282.44909654355115,2427.0,37.21994532509848,40.4937516105461,19.349096543551127,14.0,4.9,258.6672224835056,5.219943620355816,67.88886681555846,1385.487077868538,1317.5982110529797,-4.432777516494411,265.1515,4.751929329925184,8.206,0.0311896617255796,0.0232112584692148,2.051499999999976,0.0,2.0515,2.0515,2.051499999999976
HTI,Haiti,Latin America & Caribbean,Lower middle income,fragile,52.157,573.3103049337043,691.6564305108215,428.7126566646788,7172.175524414457,521.1533049337042,639.4994305108214,376.5556566646789,999.0,14.1,167.2745648242055,11.965033457718617,760.2731152343085,5392.007909463178,4631.73479422887,115.1175648242055,167.2745648242055,11.965033457718617,34.444,0.6603907433326304,0.1544347165221967,8.611,221.07232428799028,8.611,221.07232428799028,115.1175648242055
HUN,Hungary,Europe & Central Asia,High income,stable,926.2999999999998,728.210481267577,739.8184318317668,690.436282176885,6045.875,-198.0895187324228,-186.48156816823305,-235.86371782311485,-21.0,4.4,910.6934556688376,4.782469359948828,179.54064363822908,4080.4691735961146,3900.9285299578855,-15.60654433116224,936.6352499999998,4.146714175250303,41.341,0.0446302493792507,0.0331033345157573,10.335249999999974,0.0,10.33525,10.33525,10.335249999999974
IDN,Indonesia,East Asia & Pacific,Upper middle income,below_average,19086.664,21155.50542467197,21790.37321264461,20618.111591230747,192647.63,2068.841424671969,2703.709212644608,1531.4475912307462,11.0,3.308,18765.086899870457,3.525624794029965,4888.124314925255,147766.75679943364,142878.6324845084,-321.5771001295434,22622.038,0.9154632234104966,14141.496,0.7409097786810728,0.4688402521470435,3535.374,0.0,3535.374,3535.374,3535.374
IND,India,South Asia,Lower middle income,below_average,59533.05499999999,107502.54443420576,112522.07823902916,104934.83228887308,814717.217,47969.48943420578,52989.02323902917,45401.7772888731,81.0,4.506,58530.02654050845,4.687082135034302,24959.09515100869,553908.0148914489,528948.9197404402,-1003.0284594915428,70451.89175,2.534763538989445,43675.347,0.7336318789620321,0.4649486257407701,10918.83675,0.0,10918.83675,10918.83675,10918.836750000002
IRL,Ireland,Europe & Central Asia,High income,stable,304.1000000000001,491.1863112068233,479.2431314253636,484.86246149958686,3603.2,187.0863112068232,175.1431314253635,180.7624614995868,62.0,4.7,298.97644377512,4.865533092869721,145.47371670200164,3095.1854617447134,2949.711745042712,-5.123556224880076,305.7630000000001,4.646271394055239,6.652,0.0218743834265044,0.0163165589034644,1.663,0.0,1.663,1.663,1.663000000000011
IRN,Iran (Islamic Republic of),"Middle East, North Africa, Afghanistan & Pakistan",Upper middle income,severe_conflict,4335.783,6527.159522642543,6898.553389177344,5879.260753607205,58919.361,2191.376522642543,2562.7703891773435,1543.4777536072042,51.0,7.631,4262.732595595597,7.879236633658271,2245.6300175959987,29427.7292307168,27182.0992131208,-73.05040440440371,3672.294216360242,9.885638060714534,0.0,0.0,0.0,0.0,0.0,0.0,0.0,-663.4887836397584
IRQ,Iraq,"Middle East, North Africa, Afghanistan & Pakistan",Upper middle income,severe_conflict,535.537,2079.518164838092,2473.7464613412435,1512.692434789763,24378.257,1543.981164838092,1938.209461341244,977.1554347897628,288.0,16.173,1516.9294300334514,9.999999999999996,2571.206831513204,15898.144014797534,13326.93718328433,981.3924300334512,1516.9294300334514,9.999999999999996,465.26,0.8687728392249274,0.2300337728910072,116.315,981.3924300334514,116.315,981.3924300334514,981.3924300334513
ISL,Iceland,Europe & Central Asia,High income,stable,20.774,33.22339620566831,32.73809141642029,32.882102940929315,253.812,12.449396205668307,11.964091416420288,12.108102940929314,60.0,3.558,20.42399422224381,3.7038933374212415,8.535828840907385,239.90525129025872,231.36942244935133,-0.3500057777561913,20.845,3.5284049829596618,0.284,0.0136709348223741,0.0102182777644519,0.071,0.0,0.071,0.071,0.07099999999999795
ISR,Israel,"Middle East, North Africa, Afghanistan & Pakistan",High income,fragile,388.26,789.0542085283257,769.3988770305373,779.5907156088007,5771.612,400.7942085283257,381.1388770305373,391.3307156088007,103.0,2.901,381.7184941141995,3.0067383356523543,179.47046790201512,6186.503547122197,6007.033079220182,-6.541505885800518,328.8460129217785,3.861380716274865,0.0,0.0,0.0,0.0,0.0,0.0,0.0,-59.41398707822151
ITA,Italy,Europe & Central Asia,High income,stable,4314.9,4771.91914029623,4719.776589543614,4724.950101741482,37186.1,457.01914029623,404.8765895436145,410.05010174148265,11.0,6.1,4242.201437833821,6.449858052908321,1267.546153439198,20779.44513834753,19511.898984908334,-72.69856216617882,4422.28925,5.583194814466824,429.557,0.0995520174279821,0.0728508995651969,107.38925,0.0,107.38925,107.38925,107.38925000000017
JAM,Jamaica,Latin America & Caribbean,Upper middle income,stable,45.544,186.49878403952883,200.0620069779692,171.0939166004137,1816.855,140.95478403952882,154.5180069779692,125.54991660041374,309.0,3.022,44.77666279281178,3.0891753700897024,34.519989052922256,1142.2895120093397,1107.7695229564174,-0.7673372071882198,52.085,2.449378091873223,26.164,0.5744774284208678,0.3767495440145916,6.540999999999997,0.0,6.541,6.541,6.541000000000004
JOR,Jordan,"Middle East, North Africa, Afghanistan & Pakistan",Lower middle income,below_average,252.79,881.8970605176974,900.5531008286723,865.707346805237,7598.356,629.1070605176974,647.7631008286723,612.917346805237,249.0,16.804,581.6931659143354,9.999999999999991,812.2999412146519,4833.967753003166,4021.667811788514,328.90316591433543,581.6931659143354,9.999999999999991,108.55,0.4294078088531983,0.1399578072608634,27.1375,328.9031659143354,27.1375,328.9031659143354,328.90316591433543
JPN,Japan,East Asia & Pacific,High income,stable,9758.409,9699.717327848266,9507.28951922292,9542.516928423009,73530.0,-58.691672151733655,-251.11948077708075,-215.89207157699093,-1.0,2.5,9593.996776465388,2.8055672191293244,1345.1395735698388,53805.5829427935,52460.44336922366,-164.41222353461126,8265.11588139391,5.275349762855966,0.0,0.0,0.0,0.0,0.0,0.0,0.0,-1493.2931186060905
KAZ,Kazakhstan,Europe & Central Asia,Upper middle income,below_average,613.651,1372.463888101971,1464.0354106899713,1176.3938880008934,12519.813290990856,758.812888101971,850.3844106899713,562.7428880008935,124.0,4.9,603.3120476785468,4.993648572688874,540.9678430811291,11040.16006288017,10499.19221979904,-10.33895232145312,519.7462645532948,5.750574039795294,0.0,0.0,0.0,0.0,0.0,0.0,0.0,-93.9047354467051
KEN,Kenya,Sub-Saharan Africa,Lower middle income,fragile,1065.0990000000002,2666.308908445482,2975.1719740294648,2380.122529303892,28548.251,1601.2099084454817,1910.0729740294648,1315.0235293038918,150.0,5.441,1047.153933865296,5.50289669258764,1577.452699926991,28991.96287312977,27414.51017320278,-17.94506613470412,1331.3737500000002,4.522556667393542,1065.099,1.0,0.5999999999999999,266.27475,0.0,266.27475,266.27475,266.27475000000004
KGZ,Kyrgyzstan,Europe & Central Asia,Lower middle income,below_average,287.604,387.154342109614,445.5161346806301,306.54846634825,4349.598,99.550342109614,157.91213468063006,18.94446634824999,35.0,3.498,282.7583726915475,3.6464077395690526,114.21240141644056,3265.077227456847,3150.8648260404066,-4.845627308452492,343.32175,1.7915242838528973,222.871,0.7749231582314572,0.4868705521861053,55.71775,0.0,55.71775,55.71775,55.717750000000024
KHM,Cambodia,East Asia & Pacific,Lower middle income,stable,1576.652,1025.3134479885057,1151.2997689802278,869.2800688127292,11120.327,-551.3385520114944,-425.35223101977226,-707.3719311872709,-35.0,0.256,1550.0881553138126,0.4996362395780915,27.911874897756206,10903.076131936292,10875.164257038536,-26.563844686187394,1806.8585,-1.8553903747374665,920.826,0.5840388367249082,0.3822211313171452,230.2065,0.0,230.2065,230.2065,230.2065
KIR,Kiribati,East Asia & Pacific,Lower middle income,stable,5.247999999999999,7.231585886356558,7.851350121967592,6.62315750945168,73.348,1.9835858863565583,2.6033501219675923,1.3751575094516806,38.0,2.786,5.159580325326633,2.960563287924311,1.4111627740813333,50.65193015367304,49.2407673795917,-0.088419674673366,6.41175,0.4884567544232051,4.655,0.8870045731707317,0.5445081296058019,1.16375,0.0,1.16375,1.16375,1.1637500000000003
KNA,Saint Kitts and Nevis,Latin America & Caribbean,High income,stable,0.2849999999999985,2.7635028784374778,3.095774438036087,2.2497762285212115,28.958112411470378,2.4785028784374794,2.8107744380360886,1.9647762285212127,870.0,5.122,0.2801982455636591,5.152762405978568,0.7995013862069733,15.609164119620704,14.809662733413733,-0.0048017544363394,0.2413875075534599,5.401403125704319,0.0,0.0,0.0,0.0,0.0,0.0,0.0,-0.04361249244653859
KOR,Republic of Korea,East Asia & Pacific,High income,stable,4382.321,4597.481781289789,4528.070607507217,4497.996504173826,34792.7,215.1607812897892,145.74960750721675,115.67550417382608,5.0,2.789,4308.4865112167945,3.099868152016517,662.4171304798874,23751.06240515917,23088.64527467928,-73.83448878320542,4512.7085,2.240024557235485,521.55,0.1190122768277358,0.0866802054686227,130.38749999999982,0.0,130.3875,130.3875,130.38749999999982
KWT,Kuwait,"Middle East, North Africa, Afghanistan & Pakistan",High income,stable,494.2070000000001,393.87114008370594,403.2786394233678,371.3957224328064,3348.073,-100.33585991629413,-90.92836057663226,-122.81127756719366,-20.0,2.164,485.8804713869475,2.4783911425984835,57.31270852518719,2648.461576949492,2591.1488684243045,-8.32652861305263,418.580336650784,5.019494072763694,0.0,0.0,0.0,0.0,0.0,0.0,0.0,-75.62666334921613
LAO,Lao People's Democratic Republic,East Asia & Pacific,Lower middle income,stable,117.966,440.689123039301,502.7789662270205,368.6174036466005,4937.657,322.723123039301,384.81296622702047,250.6514036466005,274.0,1.209,115.9784780216238,1.2586835934745566,48.3643372753877,4000.3587489981273,3951.99441172274,-1.9875219783761933,140.26399999999998,0.6515999916736386,89.192,0.7560822609904548,0.4769149603604632,22.297999999999988,0.0,22.298,22.298,22.297999999999988
LBN,Lebanon,"Middle East, North Africa, Afghanistan & Pakistan",Lower middle income,fragile,172.999,339.87791388287087,355.92479503742203,325.1520400986684,3145.825,166.87891388287088,182.92579503742203,152.1530400986684,96.0,11.301,201.04679683686032,10.0,243.6342444683769,2155.8644763151665,1912.2302318467896,28.04779683686033,201.04679683686032,10.0,102.067,0.5899860692836375,0.380758366730492,25.51675,28.04779683686032,25.51675,28.04779683686032,28.04779683686033
LBR,Liberia,Sub-Saharan Africa,Low income,below_average,17.872,197.67859019639496,222.2009602569116,182.3711750164268,2234.045,179.80659019639495,204.3289602569116,164.49917501642676,1006.0,5.931,17.570887876188568,5.946554313480655,114.81676825847784,1935.875371075331,1821.0586028168527,-0.301112123811432,21.5535,5.740827633792639,14.726,0.8239704565801254,0.5124225763797063,3.6815,0.0,3.6815,3.6815,3.6814999999999998
LBY,Libya,"Middle East, North Africa, Afghanistan & Pakistan",Upper middle income,severe_conflict,277.6952844330742,300.83712142094686,365.33090507722216,201.39752691452736,3701.2,23.14183698787264,87.63562064414793,-76.29775751854686,8.0,19.0,488.46651161300895,9.999999999999996,444.9614796020842,2341.9025242214966,1896.9410446194124,210.77122717993475,488.46651161300895,9.999999999999996,0.0,0.0,0.0,0.0,210.7712271799347,0.0,210.7712271799347,210.77122717993473
LCA,Saint Lucia,Latin America & Caribbean,Upper middle income,stable,6.156999999999999,11.02788712011094,12.61485420981224,8.9572731091379,123.194,4.870887120110942,6.457854209812241,2.8002731091379003,79.0,7.661,6.053265255913887,7.763268109105328,7.770867002392293,101.4341078500496,93.6632408476573,-0.103734744086112,6.574749999999999,7.249156283074362,1.671,0.2713984083157382,0.1906156127609415,0.4177499999999998,0.0,0.41775,0.41775,0.41774999999999984
LIE,Liechtenstein,Europe & Central Asia,High income,stable,3.688999999999999,3.2335411896655804,3.2968357683011416,2.876414550403972,25.848,-0.4554588103344188,-0.3921642316988576,-0.812585449596027,-12.0,2.012,3.626846764506469,2.331823976426498,0.3910035489215957,19.433575990138863,19.04257244121727,-0.0621532354935303,3.124486018823573,4.916838417092529,0.0,0.0,0.0,0.0,0.0,0.0,0.0,-0.5645139811764261
LKA,Sri Lanka,South Asia,Lower middle income,below_average,1366.4919999999995,1560.5133775763186,1635.1222747064005,1450.969763829844,14288.552,194.02137757631888,268.63027470640054,84.4777638298442,14.0,4.317,1343.46898588343,4.584422180685823,371.6608386273128,8609.238791459624,8237.577952832311,-23.023014116569584,1555.9797499999995,2.116018535901554,757.951,0.5546691821101039,0.3653410335192345,189.48775,0.0,189.48775,189.48775,189.48775
LSO,Lesotho,Sub-Saharan Africa,Lower middle income,below_average,63.59,112.56433212875685,130.87279240734384,94.61112008614454,1341.11,48.97433212875684,67.28279240734383,31.02112008614453,77.0,18.701,182.25886130396043,9.999999999999998,255.0541748356929,1363.8531353173246,1108.7989604816316,118.66886130396044,182.25886130396043,9.999999999999998,57.041,0.8970121088221418,0.2347252127766387,14.26025,118.6688613039604,14.26025,118.6688613039604,118.66886130396043
LTU,Lithuania,Europe & Central Asia,High income,stable,226.6,236.9992020693935,237.97617561294905,224.19646477085388,1875.8,10.39920206939351,11.376175612949057,-2.403535229146115,5.0,6.9,222.78218401658063,7.230258493411483,79.76458080904717,1156.0084175224224,1076.2438367133752,-3.817815983419365,228.102,6.770070150248643,6.008,0.026513680494263,0.0197543204355946,1.502,0.0,1.502,1.502,1.5020000000000095
LUX,Luxembourg,Europe & Central Asia,High income,stable,7.573,62.62858504667868,61.2562714370978,61.97953572821577,465.0,55.05558504667868,53.6832714370978,54.40653572821577,727.0,6.5,7.445408118082812,6.533553740660296,24.716982850228703,380.2612746189032,355.5442917686745,-0.1275918819171879,7.7635,6.449902866077828,0.762,0.1006206259078304,0.0736137051587557,0.1905,0.0,0.1905,0.1905,0.19049999999999923
LVA,Latvia,Europe & Central Asia,High income,stable,109.9,151.4517720242764,147.89618438880643,154.68125085843144,1149.9,41.5517720242764,37.99618438880643,44.78125085843144,38.0,6.9,108.0483760963028,7.15853450964684,49.41779321052093,716.1999016017528,666.7821083912319,-1.8516239036972024,112.22225,6.575753934787418,9.289,0.0845222929936305,0.0620799351287289,2.322249999999997,0.0,2.32225,2.32225,2.322249999999997
MAR,Morocco,"Middle East, North Africa, Afghanistan & Pakistan",Lower middle income,below_average,1184.416,2479.906882228611,2705.3202229292424,2135.00211177216,24311.628,1295.4908822286109,1520.9042229292425,950.58611177216,109.0,11.79,1431.8228172266895,10.000000000000025,1629.5678073199288,13821.609900932384,12192.042093612454,247.40681722668955,1431.8228172266895,10.000000000000025,0.0,0.0,0.0,0.0,247.4068172266896,0.0,247.4068172266896,247.40681722668955
MCO,Monaco,Europe & Central Asia,High income,stable,1.8189999999999988,2.445611619085664,2.5767479678172567,2.1889683186950704,22.094,0.6266116190856648,0.7577479678172578,0.3699683186950715,34.0,6.332,1.7883530129133272,6.391424036583904,3.2656267293256747,51.57338485984949,48.307758130523816,-0.0306469870866716,1.5406451797885816,6.871725715052158,0.0,0.0,0.0,0.0,0.0,0.0,0.0,-0.2783548202114172
MDA,Republic of Moldova,Europe & Central Asia,Upper middle income,below_average,73.905,175.8811587081604,181.2827851418988,167.5949720639345,1538.28,101.9761587081604,107.37778514189878,93.6899720639345,138.0,1.279,72.65982925748187,1.402449376282892,12.900619084792538,1008.6488729313936,995.748253846601,-1.2451707425181269,74.6305,1.2070720953079148,2.902,0.0392666260740139,0.0291636797287972,0.7254999999999967,0.0,0.7255,0.7255,0.7254999999999967
MDG,Madagascar,Sub-Saharan Africa,Low income,below_average,640.91,1248.380280404254,1498.1426262955372,963.138107231914,15537.635,607.4702804042539,857.2326262955372,322.228107231914,95.0,3.186,630.1117809270374,3.2348624645347366,704.0808582631398,22099.210868271846,21395.130010008703,-10.798219072962524,784.0977499999999,2.538068493062912,572.751,0.8936527749606029,0.547844002868265,143.18774999999994,0.0,143.18775,143.18775,143.18774999999994
MDV,Maldives,South Asia,Upper middle income,below_average,18.747,25.267911292921088,29.17169713395913,20.979476635985595,293.173,6.520911292921088,10.424697133959135,2.232476635985595,35.0,4.562,18.431145647655946,4.707593997233364,9.896888489737307,216.9418783370736,207.04498984733627,-0.3158543523440542,22.892,2.6513499992842897,16.58,0.8844081719741824,0.5432028656299144,4.145,0.0,4.145,4.145,4.145
MEX,Mexico,Latin America & Caribbean,Upper middle income,below_average,9666.649,10037.739024105233,10355.055397640688,9384.638121035625,88409.03,371.0900241052332,688.4063976406887,-282.01087896437457,4.0,2.542,9503.782772911276,2.7808567977278984,1733.2810001547332,68185.71991167295,66452.43891151821,-162.86622708872346,10581.517,1.20027038097551,3659.472,0.3785667608289078,0.2593771762593209,914.868,0.0,914.868,914.868,914.8680000000004
MHL,Marshall Islands,East Asia & Pacific,Upper middle income,stable,0.532,2.548742378212049,2.78566270692147,2.336934938219923,26.396,2.016742378212049,2.25366270692147,1.804934938219923,379.0,9.823,0.5230367250521665,9.926339862758528,0.8520066454733701,8.67358897967393,7.82158233420056,-0.0089632749478335,0.5605,9.494416295298423,0.114,0.2142857142857142,0.152542372881356,0.0284999999999999,0.0,0.0285,0.0285,0.02849999999999997
MKD,North Macedonia,Europe & Central Asia,Upper middle income,stable,129.893,137.4883014884537,140.30384946274307,133.50872656143622,1178.785,7.595301488453686,10.410849462743071,3.615726561436219,6.0,11.531,139.23201489776176,9.999999999999991,70.3384590372898,609.9944413952807,539.6559823579909,9.339014897761755,139.23201489776176,9.999999999999991,3.452,0.0265757200157052,0.0185948612601857,0.863,9.33901489776175,0.863,9.33901489776175,9.339014897761757
MLI,Mali,Sub-Saharan Africa,Low income,severe_conflict,474.7,881.1259405709675,1044.6006106716152,728.2243240265441,10949.47,406.4259405709675,569.9006106716151,253.5243240265441,86.0,4.5,466.70213041778834,4.553448790836347,673.3625318139657,14963.611818088108,14290.249286274142,-7.997869582211649,580.6895,3.791685047109562,423.958,0.8931072256161787,0.5475706035669666,105.98949999999996,0.0,105.9895,105.9895,105.98949999999996
MLT,Malta,"Middle East, North Africa, Afghanistan & Pakistan",High income,stable,31.7,48.39010109208352,48.908678543616446,47.47076578854603,403.3,16.690101092083523,17.20867854361645,15.770765788546036,53.0,3.1,31.16591012058961,3.258755824466444,10.429089022320454,336.4222265264654,325.9931375041449,-0.5340898794103879,26.8490666296306,4.541918217014073,0.0,0.0,0.0,0.0,0.0,0.0,0.0,-4.8509333703694
MMR,Myanmar,East Asia & Pacific,Lower middle income,severe_conflict,2712.9000000000005,2967.246943313656,3452.1199609312093,2341.420652314192,34177.785,254.34694331365472,739.2199609312088,-371.479347685809,9.0,1.476,2667.192352244403,1.6845686490869325,323.4641849702821,21914.91768091333,21591.453495943053,-45.70764775559746,3286.822000000001,-1.1428645029675606,2295.688,0.8462118028677799,0.5238391370144169,573.922,0.0,573.922,573.922,573.9220000000005
MNE,Montenegro,Europe & Central Asia,Upper middle income,stable,17.826999999999998,50.99777089575768,51.81823769090951,49.84455279167383,432.187,33.17077089575768,33.991237690909514,32.01755279167383,186.0,11.534,21.63866485621514,9.99999999999999,28.659545274827536,248.47880418612388,219.8192589112964,3.811664856215142,21.63866485621514,9.99999999999999,0.0,0.0,0.0,0.0,3.811664856215142,0.0,3.811664856215142,3.811664856215142
MNG,Mongolia,East Asia & Pacific,Upper middle income,stable,108.743,195.99171785707748,223.2472299502657,159.86207413173616,2164.832,87.24871785707748,114.50422995026572,51.11907413173617,80.0,5.812,106.9108695344882,5.920744862789324,97.92041658264247,1684.7972570998393,1586.8768405171968,-1.832130465511796,115.927,5.38559854607275,28.736,0.2642560900471755,0.1859100985965306,7.1839999999999975,0.0,7.184,7.184,7.184000000000012
MOZ,Mozambique,Sub-Saharan Africa,Low income,severe_conflict,350.171,1172.467846899172,1437.5026826677945,925.0479165059472,15560.286,822.2968468991719,1087.3316826677942,574.8769165059471,235.0,6.789,344.2712275342898,6.811608338731419,1771.62752847694,26095.559411944883,24323.931883467943,-5.899772465710214,437.71375,6.453530088747869,350.171,1.0,0.6,87.54275,0.0,87.54275,87.54275,87.54275000000001
MRT,Mauritania,Sub-Saharan Africa,Lower middle income,below_average,62.111,174.75243587705015,210.80761039740327,126.00083331650374,2166.502,112.64143587705018,148.69661039740328,63.88983331650375,181.0,10.416,70.89506024582573,10.0,219.9393546166366,2111.552943708107,1891.6135890914704,8.784060245825735,76.62049999999999,9.728851707401676,58.038,0.9344238540677174,0.5681051415743829,14.509499999999996,8.784060245825733,14.5095,14.5095,14.509499999999996
MUS,Mauritius,Sub-Saharan Africa,Upper middle income,stable,58.285,93.8311250281842,96.56985315954516,91.46379086078674,829.98,35.54612502818419,38.284853159545165,33.17879086078675,61.0,5.213,57.30299909711563,5.393451038759724,28.36875166760524,544.1924355957271,515.8236839281219,-0.9820009028843656,61.56,4.611190826299367,13.1,0.2247576563438277,0.1596003898635478,3.2749999999999986,0.0,3.275,3.275,3.2750000000000057
MWI,Malawi,Sub-Saharan Africa,Low income,below_average,113.05,837.811304448705,1029.3476101131494,631.1098797185865,11029.351,724.761304448705,916.2976101131494,518.0598797185866,641.0,15.406,362.56666513366247,13.13327879754326,1691.3881645024794,10978.762589267037,9287.374424764555,249.51666513366249,362.56666513366247,13.13327879754326,96.616,0.8546306943830164,0.1998584176879207,24.154,593.511905575776,24.154,593.511905575776,249.51666513366246
MYS,Malaysia,East Asia & Pacific,Upper middle income,stable,2590.7,3095.703489576852,3028.9426383285845,3075.282882633247,23132.3,505.0034895768517,438.2426383285847,484.5828826332472,19.0,3.9,2547.051209760616,4.143227191365692,699.881789440482,17945.686908730313,17245.80511928983,-43.64879023938374,2194.2547923464986,6.1091392191882985,0.0,0.0,0.0,0.0,0.0,0.0,0.0,-396.44520765350126
NAM,Namibia,Sub-Saharan Africa,Lower middle income,stable,45.057,140.28032602002543,152.6918728353761,127.985961631757,1428.538,95.22332602002544,107.63487283537611,82.928961631757,211.0,19.877,144.5039029714943,13.0793186987215,290.7912275900044,1462.9533007496318,1172.1620731596274,99.44690297149432,144.5039029714943,13.0793186987215,20.758,0.4607053288057349,0.1077375744174268,5.1895,144.49589751504112,5.1895,144.49589751504112,99.44690297149431
NER,Niger,Sub-Saharan Africa,Low income,severe_conflict,712.076,763.463640005497,973.1243360934856,541.2429206417511,10948.708,51.38764000549702,261.04833609348555,-170.83307935824894,7.0,0.403,700.0787575718919,0.4632953591304097,80.18674684514917,19897.455792840927,19817.269045995778,-11.997242428108166,889.1052500000001,-0.486707969918919,708.117,0.994440200203349,0.5973283253023193,177.02925,0.0,177.02925,177.02925,177.02925000000005
NGA,Nigeria,Sub-Saharan Africa,Lower middle income,severe_conflict,8173.951999999999,9071.332519745816,11196.176209948697,6594.961727659111,112192.579,897.3805197458169,3022.224209948697,-1578.9902723408886,11.0,3.454,8036.235121830085,3.5391250849726887,5587.942700456188,161781.7805575043,156193.8378570481,-137.7168781699147,10107.672,2.2587356177337385,7734.88,0.946284000689018,0.5739363129314051,1933.7199999999996,0.0,1933.72,1933.72,1933.7200000000012
NIC,Nicaragua,Latin America & Caribbean,Lower middle income,below_average,307.191,379.164275059708,417.19324364568433,337.36998854752034,3941.984,71.97327505970799,110.00224364568436,30.17898854752036,23.0,5.2,302.0153657998121,5.3519432937261335,177.12725044308536,3406.2932777516407,3229.1660273085554,-5.175634200187858,356.70575,3.7463744321897465,198.059,0.6447421962231967,0.416433573050056,49.51474999999999,0.0,49.51475,49.51475,49.51475000000005
NLD,Netherlands (Kingdom of the),Europe & Central Asia,High income,stable,796.3,1552.0970223040017,1510.9094647934596,1562.8027417826008,11447.1,755.7970223040018,714.6094647934597,766.5027417826009,95.0,3.9,782.8837296222558,4.036502023539,383.3163283344511,9828.623803447474,9445.307475113024,-13.416270377744128,798.5569999999999,3.8770364595782967,9.028,0.0113374356398342,0.0084790440757517,2.256999999999948,0.0,2.257,2.257,2.256999999999948
NOR,Norway,Europe & Central Asia,High income,stable,192.5,489.797471199308,478.308950701162,485.1574791862509,3612.4,297.29747119930795,285.808950701162,292.6574791862509,154.0,4.5,189.25670972282336,4.609112406138576,133.7593658117994,2972.4303513733166,2838.670985561517,-3.2432902771766408,163.0424393124256,5.491026103402706,0.0,0.0,0.0,0.0,0.0,0.0,0.0,-29.457560687574386
NPL,Nepal,South Asia,Lower middle income,below_average,1071.847,1672.8593416085248,1882.623615432644,1506.2417806140022,18613.724,601.0123416085248,810.7766154326437,434.39478061400223,56.0,10.66,1133.586287412975,10.000000000000025,997.183036094415,9354.4374868144,8357.254450719984,61.739287412975045,1295.55825,8.268501309508649,894.845,0.8348626249828567,0.5180266884950946,223.71125,61.73928741297506,223.71125,223.71125,223.71125000000006
NRU,Nauru,East Asia & Pacific,High income,stable,0.6232636091379081,0.7339457186695431,0.7805905707287017,0.6684221207738872,6.933,0.1106821095316349,0.1573269615907936,0.045158511635979,18.0,3.0475000000000003,0.612762701067077,3.3888153925209976,0.0937593734331465,3.0765996204477952,2.9828402470146487,-0.0105009080708311,0.5278878917844713,6.147536700243597,0.0,0.0,0.0,0.0,0.0,0.0,0.0,-0.09537571735343686
NZL,New Zealand,East Asia & Pacific,High income,stable,263.7,474.2413941558777,458.48088913962965,481.2569618361182,3438.55,210.5413941558777,194.7808891396297,217.5569618361182,80.0,5.267,259.2571135267975,5.413557339991108,159.66913056539852,3031.50048538824,2871.8313548228416,-4.442886473202464,223.3469675152552,6.598124064774039,0.0,0.0,0.0,0.0,0.0,0.0,0.0,-40.3530324847448
OMN,Oman,"Middle East, North Africa, Afghanistan & Pakistan",High income,stable,232.75100000000003,470.9300429470253,461.8950396732685,467.1956949518989,3543.021,238.17904294702527,229.14403967326848,234.44469495189884,102.0,3.3,228.82955036206164,3.4048504737044927,123.42131940829267,3740.039982069475,3616.618662661184,-3.9214496379383945,197.1339781423708,4.252316606998424,0.0,0.0,0.0,0.0,0.0,0.0,0.0,-35.617021857629226
PAK,Pakistan,"Middle East, North Africa, Afghanistan & Pakistan",Lower middle income,severe_conflict,11219.247,14098.893513492543,15412.181556283193,12754.982970525882,141432.264,2879.6465134925456,4192.934556283193,1535.7359705258823,26.0,6.957,11030.222196299515,7.112178774922359,8474.390650410016,121810.99109400628,113336.60044359628,-189.024803700484,13721.59625,4.902711443995349,10009.397,0.8921629945396515,0.5470972628275667,2502.3492499999998,0.0,2502.34925,2502.34925,2502.349250000001
PAN,Panama,Latin America & Caribbean,High income,stable,152.60300000000004,313.14578317166314,321.7784888538814,306.200030936433,2760.902,160.5427831716631,169.17548885388138,153.59703093643296,105.0,8.607,150.03190479912735,8.709189707025928,216.55230294665807,2516.00212555662,2299.4498226099618,-2.5710952008726906,177.23950000000005,7.627807663485185,98.546,0.6457671212230428,0.4170035460492722,24.6365,0.0,24.6365,24.6365,24.636500000000012
PER,Peru,Latin America & Caribbean,Upper middle income,below_average,1530.6489999999997,2219.7750982376347,2415.2561847312577,1965.037300802934,22221.237,689.126098237635,884.607184731258,434.3883008029343,45.0,4.319,1504.860225872882,4.440216491055541,918.866026273543,21274.97166643998,20356.105640166435,-25.78877412711768,1777.1417499999998,3.1603956367856,985.971,0.6441522517572612,0.416105383827711,246.49275,0.0,246.49275,246.49275,246.49275000000011
PHL,Philippines,East Asia & Pacific,Lower middle income,below_average,3585.147,8494.917937918237,8757.918262965348,8278.684986677765,72673.999,4909.770937918237,5172.771262965348,4693.537986677765,137.0,2.409,3524.7435069748103,2.529374899191081,1208.823564343671,50179.47548126495,48970.65191692128,-60.40349302518962,3036.525258044803,3.502319004819072,0.0,0.0,0.0,0.0,0.0,0.0,0.0,-548.6217419551967
PLW,Palau,East Asia & Pacific,High income,stable,0.2949999999999984,1.3124301548840005,1.3987213928240363,1.1959284826781469,12.488,1.017430154884002,1.103721392824038,0.9009284826781484,345.0,2.091,0.2900297629518576,2.154104188313235,0.1646921693386529,7.876239566650069,7.711547397311416,-0.0049702370481407,0.2498572446605988,2.664151120625441,0.0,0.0,0.0,0.0,0.0,0.0,0.0,-0.04514275533939957
PNG,Papua New Guinea,East Asia & Pacific,Lower middle income,below_average,47.669,630.2229831877631,739.1396274590946,505.4777145506055,7483.546,582.5539831877632,691.4706274590947,457.8087145506056,1222.0,2.689,46.86586023780398,2.704362016468616,140.5832902833099,5228.088147389749,5087.504857106439,-0.8031397621960181,40.37438981602086,2.8285272990494708,0.0,0.0,0.0,0.0,0.0,0.0,0.0,-7.294610183979138
POL,Poland,Europe & Central Asia,High income,stable,3308.155,3050.504778481348,2960.2779638900865,3135.479503078252,23020.096,-257.6502215186524,-347.87703610991366,-172.67549692174816,-8.0,3.018,3252.41834053562,3.4152169144904403,423.4795451228092,14031.794072989023,13608.314527866216,-55.73665946438041,3374.2205000000004,2.547172822403537,264.262,0.0798819886008968,0.058738455296564,66.0655,0.0,66.0655,66.0655,66.06550000000016
PRK,Democratic People's Republic of Korea,East Asia & Pacific,Low income,stable,423.0714465226808,1664.128171880929,1798.09125800404,1517.3469450542557,16350.949308062198,1241.056725358248,1375.019811481359,1094.2754985315748,293.0,3.0475000000000003,415.94342829380776,3.1197891572991185,300.4964556801624,9860.425124861731,9559.92866918157,-7.128018228873032,358.3303929584119,3.704074668378465,0.0,0.0,0.0,0.0,0.0,0.0,0.0,-64.7410535642689
PRT,Portugal,Europe & Central Asia,High income,stable,838.0,854.5512190870313,854.3427010089925,828.9999239368814,6806.7,16.551219087031313,16.34270100899255,-9.000076063118627,2.0,6.0,823.8811571310441,6.290022753650784,292.09107267403215,4868.1845445672025,4576.09347189317,-14.11884286895588,843.67775,5.883370280070091,22.711,0.0271014319809069,0.0201892843564975,5.677749999999946,0.0,5.67775,5.67775,5.677749999999946
PRY,Paraguay,Latin America & Caribbean,Upper middle income,below_average,355.45,439.52142650429965,461.34631022571546,420.4629197284422,4098.804,84.07142650429967,105.89631022571548,65.01291972844223,24.0,4.634,349.4612855635198,4.7841595380781525,184.8147846872521,3988.234455918251,3803.419671230999,-5.988714436480166,404.318,3.408695907672052,195.472,0.5499282599521733,0.3625957785703333,48.868,0.0,48.868,48.868,48.867999999999995
PSE,State of Palestine,"Middle East, North Africa, Afghanistan & Pakistan",Lower middle income,severe_conflict,103.255,209.9719150008901,224.8902433587062,198.8709766908776,2078.912,106.71691500089013,121.6352433587062,95.6159766908776,103.0,28.71,331.1527731833376,14.74213196636646,468.42832795518416,1631.585955956754,1163.15762800157,227.8977731833376,331.1527731833376,14.74213196636646,62.642,0.6066728003486515,0.1418725851164454,15.6605,305.26973235950874,15.6605,305.26973235950874,227.89777318333762
QAT,Qatar,"Middle East, North Africa, Afghanistan & Pakistan",High income,stable,112.682,309.6249692128344,312.2797348160216,295.9490179506498,2507.635,196.9429692128344,199.5977348160216,183.2670179506498,175.0,0.103,110.78350423369966,0.1713546598252746,2.860742258519167,2777.4196684654826,2774.5589262069634,-1.8984957663003428,95.4386916706636,0.7238391380357326,0.0,0.0,0.0,0.0,0.0,0.0,0.0,-17.2433083293364
ROU,Romania,Europe & Central Asia,High income,stable,1413.4,1417.05345277203,1464.885240113268,1278.474996209021,12086.0,3.65345277203005,51.48524011326776,-134.9250037909792,0.0,6.1,1389.5866676479925,6.471727130452887,390.7740798210461,6406.132456082732,6015.358376261685,-23.813332352007592,1414.5410000000002,6.082188941489702,4.564,0.0032290929673128,0.0024198662322265,1.141,0.0,1.141,1.141,1.1410000000000764
RUS,Russian Federation,Europe & Central Asia,High income,below_average,10488.731,10288.943447448748,10998.924613875915,8635.469595082748,94809.072,-199.7875525512518,510.19361387591744,-1853.261404917252,-2.0,2.135,10312.014120663784,2.405144294120091,1396.6259721002862,65415.736398139874,64019.11042603959,-176.71687933621615,10833.98325,1.6072183544664411,1381.009,0.1316659756075353,0.0956025799652219,345.25224999999955,0.0,345.25225,345.25225,345.25224999999955
RWA,Rwanda,Sub-Saharan Africa,Low income,below_average,268.604,842.4761996406656,898.2990568734053,790.6846301111444,8151.129,573.8721996406657,629.6950568734053,522.0806301111445,214.0,5.363,264.0784896539701,5.402161508760378,619.7491555869401,11556.016326439312,10936.267170852372,-4.525510346029876,326.76025,4.85974482661518,232.625,0.8660518830695001,0.5339350487092601,58.15625,0.0,58.15625,58.15625,58.15625
SAU,Saudi Arabia,"Middle East, North Africa, Afghanistan & Pakistan",High income,below_average,750.25,3212.2378692801544,3301.8289356687874,2927.1658530730106,26386.851,2461.9878692801544,2551.5789356687874,2176.9158530730106,328.0,3.518,737.6095920496012,3.6003400156355108,540.0649347254985,15351.4762571205,14811.411322395004,-12.640407950398751,635.4420264631028,4.265862756740685,0.0,0.0,0.0,0.0,0.0,0.0,0.0,-114.80797353689718
SDN,Sudan,Sub-Saharan Africa,Low income,severe_conflict,220.999,1864.8086295922808,2257.1625904228167,1497.9938859708586,23842.915,1643.8096295922808,2036.1635904228167,1276.9948859708586,744.0,7.53,217.2755511274506,7.55066521011021,1356.7522353152417,18017.957972313965,16661.205736998723,-3.7234488725493975,272.92575,7.2418055770815535,207.707,0.939854931470278,0.570778865680501,51.92675,0.0,51.92675,51.92675,51.92675
SEN,Senegal,Sub-Saharan Africa,Lower middle income,below_average,469.864,811.2804453972686,988.9649886048616,596.7671956646794,10411.596,341.41644539726866,519.1009886048616,126.90319566467946,73.0,5.775,461.9476086088554,5.866056098411565,502.0768633993248,8693.971660594369,8191.894797195044,-7.9163913911446,577.79925,4.533504694819521,431.741,0.918863756320978,0.5604122019888395,107.93525,0.0,107.93525,107.93525,107.93525000000005
SGP,Singapore,East Asia & Pacific,High income,stable,212.215,404.14023462559817,388.10215837580046,402.5944831259871,2805.136,191.92523462559816,175.88715837580045,190.3794831259871,90.0,3.306,208.63954625365693,3.466526276770423,73.63560859456993,2227.332383380819,2153.696774786249,-3.575453746343072,179.7405260191501,4.763998555723306,0.0,0.0,0.0,0.0,0.0,0.0,0.0,-32.47447398084989
SLB,Solomon Islands,East Asia & Pacific,Lower middle income,stable,22.472,40.034702321670686,46.66179154919404,31.3315213158198,465.235,17.562702321670685,24.18979154919404,8.859521315819798,78.0,0.694,22.09338587475993,0.7591708615728326,4.031835648252127,580.9561452812846,576.9243096330325,-0.3786141252400696,19.03319322716274,1.2859219205732364,0.0,0.0,0.0,0.0,0.0,0.0,0.0,-3.4388067728372604
SLE,Sierra Leone,Sub-Saharan Africa,Low income,below_average,107.61,290.17662861392654,393.2435934890559,165.9119142051151,4581.86,182.56662861392653,285.63359348905584,58.3019142051151,170.0,1.646,105.79695861440533,1.6804125826384582,86.7202020854129,5268.542046501394,5181.821844415981,-1.8130413855946728,133.2155,1.1599926800621587,102.422,0.95178886720565,0.5766333497228177,25.605499999999992,0.0,25.6055,25.6055,25.605499999999992
SLV,El Salvador,Latin America & Caribbean,Upper middle income,stable,413.368,393.3969736310762,444.0293726638889,322.22119285983126,4235.736,-19.971026368923788,30.66137266388893,-91.14680714016872,-5.0,2.707,406.40346797248856,2.937171259727921,81.90852420392957,3025.8043666024914,2943.895842398562,-6.964532027511439,470.174,0.8296149110299477,227.224,0.549689380890635,0.3624573030410019,56.80599999999998,0.0,56.806,56.806,56.80599999999998
SMR,San Marino,Europe & Central Asia,High income,stable,3.917,2.6946635006829087,2.795077025739121,2.405524033514682,23.014,-1.2223364993170898,-1.121922974260877,-1.5114759664853166,-31.0,4.915,3.8510053609573975,5.351929333669075,0.7423709645918599,15.104190530861844,14.361819566269984,-0.0659946390426018,3.3175960248663423,8.88346142736955,0.0,0.0,0.0,0.0,0.0,0.0,0.0,-0.5994039751336575
SOM,Somalia,Sub-Saharan Africa,Low income,severe_conflict,78.168,425.19169028131273,586.4690561999502,235.5226387396364,6946.74,347.0236902813127,508.30105619995015,157.35463873963636,444.0,11.086,129.6957481078774,9.999999999999988,526.0005667807809,4744.72818672904,4218.727619948259,51.527748107877386,129.6957481078774,9.999999999999988,78.168,1.0,0.452027154747097,19.542,51.52774810787739,19.542,51.52774810787739,51.527748107877386
SRB,Serbia,Europe & Central Asia,Upper middle income,below_average,2174.343,1984.0253525087835,2018.4882834963173,1848.648496435165,16421.918,-190.31764749121652,-155.8547165036823,-325.6945035648348,-9.0,7.301,2137.709101240794,8.392393878766576,245.0665154391668,3356.615743585355,3111.5492281461884,-36.63389875920575,2188.796,6.870417499527007,57.812,0.0265882613736655,0.0198095208507325,14.452999999999976,0.0,14.453,14.453,14.452999999999975
SSD,South Sudan,Sub-Saharan Africa,Low income,fragile,25.947,274.8819610772737,352.15380288496186,192.01575903759132,3969.221,248.93496107727367,326.20680288496186,166.06875903759138,959.0,12.298,83.21554409750676,11.286845099052018,696.5189553557493,5663.676657633349,4967.1577022776,57.26854409750676,83.21554409750676,11.286845099052018,0.0,0.0,0.0,0.0,130.15128959241437,0.0,130.15128959241437,57.26854409750676
STP,Sao Tome and Principe,Sub-Saharan Africa,Lower middle income,stable,2.906,7.675479091792663,8.880699916839893,6.534973251352702,90.76,4.769479091792665,5.974699916839894,3.628973251352703,164.0,6.657,2.857038953010518,6.749926129737157,3.5074493119523,52.68813747862851,49.18068816667621,-0.0489610469894818,2.4613056033345906,7.501012367766443,0.0,0.0,0.0,0.0,0.0,0.0,0.0,-0.44469439666540955
SUR,Suriname,Latin America & Caribbean,Upper middle income,stable,24.109,31.69793227085143,34.82062209395105,27.855751560918648,325.514,7.58893227085143,10.71162209395105,3.7467515609186464,31.0,7.917,23.70280527120805,8.09539638038405,18.0263952717128,227.6922479690895,209.6658526973767,-0.4061947287919523,27.8245,6.285192139547761,14.862,0.6164502882740884,0.4006001904796133,3.715499999999999,0.0,3.7155,3.7155,3.7154999999999987
SVK,Slovakia,Europe & Central Asia,High income,stable,576.8,442.6155205383361,441.6137200519163,433.210756601232,3521.8,-134.18447946166384,-135.1862799480837,-143.58924339876802,-23.0,5.4,567.0819229512962,5.823902905138752,123.79631143557708,2292.5242858440142,2168.727974408437,-9.718077048703776,581.607,5.190318469920604,19.228,0.0333356449375866,0.0247950935941279,4.807,0.0,4.807,4.807,4.807000000000016
SVN,Slovenia,Europe & Central Asia,High income,stable,221.4,181.2626844960689,177.3731373814676,177.92153531933866,1340.625,-40.13731550393104,-44.02686261853236,-43.47846468066132,-18.0,3.9,217.66979497471732,4.316654035746648,34.915777480788734,895.2763456612486,860.3605681804598,-3.7302050252826575,221.9925,3.833819317033076,2.37,0.0107046070460704,0.0080070272644346,0.5925,0.0,0.5925,0.5925,0.5925000000000011
SWE,Sweden,Europe & Central Asia,High income,stable,499.9,946.9998846039642,906.0836460225336,961.3151011522958,6583.1,447.09988460396426,406.1836460225336,461.4151011522959,89.0,8.8,491.4775542360488,8.947548870679618,502.3252457397684,5708.241428861012,5205.916183121243,-8.422445763951202,501.2325,8.77665655847591,5.33,0.0106621324264852,0.007975340784965,1.3324999999999818,0.0,1.3325,1.3325,1.3325000000000387
SWZ,Eswatini,Sub-Saharan Africa,Lower middle income,below_average,36.412,56.88587324182487,63.914832149093904,48.35695625191336,615.032,20.47387324182487,27.502832149093905,11.94495625191336,56.0,34.264,116.77821681421425,16.489831453301324,154.92528079090903,452.1517650913758,297.2264843004668,80.36621681421425,116.77821681421425,16.489831453301324,13.4,0.3680105459738548,0.0860605708339324,3.35,109.71010428177144,3.35,109.71010428177144,80.36621681421425
SYC,Seychelles,Sub-Saharan Africa,High income,stable,1.3549999999999984,7.459065348768008,8.183863324987346,6.246137887199979,74.194,6.104065348768009,6.828863324987347,4.891137887199981,450.0,2.593,1.332170606100911,2.6274657283005545,1.7175501954907304,66.23795586157829,64.52040566608756,-0.0228293938990873,1.4079999999999984,2.5129854534902174,0.212,0.1564575645756457,0.1129261363636365,0.0529999999999999,0.0,0.053,0.053,0.052999999999999936
SYR,Syrian Arab Republic,"Middle East, North Africa, Afghanistan & Pakistan",Low income,severe_conflict,702.336,1190.794905300468,1430.990990638742,819.68695111798,14267.118257252789,488.4589053004679,728.654990638742,117.35095111798,70.0,14.896,1128.0544969774792,10.000000000000009,1295.2415708693898,8695.230738919101,7399.989168049711,425.7184969774792,1128.0544969774792,10.000000000000009,0.0,0.0,0.0,0.0,425.7184969774793,0.0,425.7184969774793,425.71849697747916
TCD,Chad,Sub-Saharan Africa,Low income,severe_conflict,313.1039999999999,516.3628799075844,670.0849167280511,349.7904274887195,7628.58,203.2588799075845,356.9809167280512,36.68642748871957,65.0,3.109,307.8287420314539,3.167210005081484,281.7518569402291,9062.459213259222,8780.707356318993,-5.275257968546043,390.76475,2.2520499363089423,310.643,0.9921399918238027,0.5962212558834952,77.66075,0.0,77.66075,77.66075,77.66075000000006
TGO,Togo,Sub-Saharan Africa,Low income,below_average,481.999,393.91716476598657,446.84082956677975,347.5720455502421,4482.224,-88.08183523401345,-35.15817043322028,-134.42695444975794,-18.0,1.965,473.87815495943454,2.097932895446365,120.04147243711122,6108.980785603656,5988.939313166545,-8.120845040565484,594.88125,0.1171917655066602,451.529,0.9367841012118282,0.5692678160557254,112.88225,0.0,112.88225,112.88225,112.88225
THA,Thailand,East Asia & Pacific,Upper middle income,below_average,6287.381,6231.307606098263,6159.218870017518,6247.428070593306,49755.813,-56.07339390173729,-128.16212998248193,-39.95292940669424,-1.0,0.781,6181.449562772961,1.0920116672531757,266.0107680364672,34060.2775974987,33794.266829462234,-105.93143722703915,6664.6895,-0.3267669549813223,1509.234,0.2400417598360907,0.1698391950592746,377.3085,0.0,377.3085,377.3085,377.3085000000001
TJK,Tajikistan,Europe & Central Asia,Lower middle income,below_average,113.60899999999998,525.4821110400474,579.3946522343431,452.2590557998273,5373.32,411.8731110400474,465.7856522343431,338.65005579982727,363.0,0.081,111.69488589558564,0.145653331522099,2.398070428970186,2960.580776506417,2958.1827060774467,-1.9141141044143384,137.42325,-0.7233776474189472,95.257,0.8384635020112844,0.5198738204779759,23.81425,0.0,23.81425,23.81425,23.814250000000015
TKM,Turkmenistan,Europe & Central Asia,Upper middle income,stable,278.8182865230968,425.0324948828695,487.24165438407897,307.5098700298348,4524.250511257209,146.21420835977267,208.42336786098213,28.69158350673797,52.0,4.0,274.120683209957,4.202813860173927,92.64856571659448,2316.2141429148605,2223.565577198266,-4.69760331313978,236.1517587513584,5.842080444170175,0.0,0.0,0.0,0.0,0.0,0.0,0.0,-42.6665277717384
TLS,Timor-Leste,East Asia & Pacific,Lower middle income,stable,13.534999999999998,84.7784573050794,88.73485526476694,83.30309810232727,798.618,71.2434573050794,75.19985526476694,69.76809810232727,526.0,1.537,13.306958784926826,1.58380548903037,7.488424003859961,487.2104101405328,479.72198613667285,-0.2280412150731727,16.91875,0.8424848727423483,13.535,1.0,0.6000000000000001,3.38375,0.0,3.38375,3.38375,3.383750000000001
TON,Tonga,East Asia & Pacific,Upper middle income,stable,4.287999999999999,6.828364876348616,6.936072090884779,6.80985536158234,58.722,2.540364876348616,2.64807209088478,2.5218553615823405,59.0,1.652,4.215754656059566,1.8896041259320573,0.5023031806430645,30.405761540137178,29.90345835949412,-0.0722453439404331,5.272749999999999,-1.5866953988969577,3.939,0.9186100746268656,0.5602863780759566,0.98475,0.0,0.98475,0.98475,0.98475
TTO,Trinidad and Tobago,Latin America & Caribbean,High income,stable,38.154,89.71630886941111,97.65650915691836,74.25100953050442,863.682,51.56230886941111,59.50250915691836,36.097009530504415,135.0,4.006,37.511171442933005,4.127602618300945,21.17693875009684,528.6305229679681,507.45358421787125,-0.6428285570669985,32.31543495857811,5.110469906247864,0.0,0.0,0.0,0.0,0.0,0.0,0.0,-5.838565041421894
TUN,Tunisia,"Middle East, North Africa, Afghanistan & Pakistan",Lower middle income,below_average,658.0960000000001,867.4403676681928,901.3511404706544,816.8294333761851,7742.674,209.34436766819272,243.2551404706544,158.73343337618496,32.0,15.106,877.8606924004067,10.000000000000004,650.1694953780925,4304.048029776862,3653.878534398769,219.7646924004066,877.8606924004067,10.000000000000004,132.986,0.2020769006345578,0.1136165462965132,33.2465,219.76469240040657,33.2465,219.76469240040657,219.7646924004066
TUR,Turkey,Europe & Central Asia,Upper middle income,below_average,6085.2,6750.604954409251,6788.636153008174,6810.027568879382,57111.5,665.4049544092513,703.4361530081742,724.8275688793819,11.0,8.4,5982.674961066622,8.699523883275909,2875.2642948577013,34229.33684354406,31354.07254868636,-102.5250389333778,6299.10625,7.775079187254697,855.625,0.1406075396042858,0.101874571491789,213.90625,0.0,213.90625,213.90625,213.90625
TUV,Tuvalu,East Asia & Pacific,Upper middle income,stable,0.3079999999999985,0.6671824996197651,0.7197449362464615,0.609980603061812,6.622,0.3591824996197665,0.4117449362464629,0.3019806030618134,117.0,7.318,0.3028107355565159,7.493074115920756,0.2169083476314273,2.964038639401848,2.747130291770421,-0.0051892644434826,0.3259999999999985,6.710720467246234,0.072,0.2337662337662337,0.1656441717791418,0.018,0.0,0.018,0.018,0.018000000000000016
TZA,United Republic of Tanzania,Sub-Saharan Africa,Lower middle income,below_average,1300.746,2798.462853949286,3330.735849255906,2265.9892557807016,34473.113,1497.716853949286,2029.9898492559064,965.2432557807016,115.0,2.431,1278.83069166298,2.464924881056064,1570.4141889038365,64599.51414659946,63029.09995769562,-21.91530833702018,1579.22125,1.9999205194824965,1113.901,0.8563555067630422,0.529011213596575,278.47525,0.0,278.47525,278.47525,278.47524999999996
UGA,Uganda,Sub-Saharan Africa,Low income,fragile,855.461,2081.6715984902226,2307.279746181211,1917.9657624171623,22248.415,1226.2105984902223,1451.818746181211,1062.5047624171625,143.0,3.416,841.0479696425776,3.457585528650193,1183.9433884585303,34658.7642991373,33474.82091067877,-14.413030357422372,1050.8075,2.8523720001267856,781.386,0.9134092612053616,0.557703956243175,195.34649999999988,0.0,195.3465,195.3465,195.34649999999988
UKR,Ukraine,Europe & Central Asia,Upper middle income,below_average,2079.122,2637.358720537336,2704.182764951804,2551.3868984036817,22921.725,558.2367205373362,625.0607649518038,472.26489840368185,27.0,9.834,2044.0924095186283,10.095338652545076,1318.1402346689192,13403.907206314008,12085.766971645087,-35.02959048137154,1760.9616753669034,12.207638669202558,0.0,0.0,0.0,0.0,0.0,0.0,0.0,-318.1603246330965
URY,Uruguay,Latin America & Caribbean,High income,stable,169.431,262.9959632404529,271.9749838117369,253.1791686240339,2342.001,93.5649632404529,102.54398381173688,83.7481686240339,55.0,8.209,166.57638225998798,8.370285725066175,145.29219506652203,1769.9134494642706,1624.6212543977483,-2.8546177400120314,181.74575,7.513217389628446,49.259,0.2907319203687636,0.2032743544209424,12.31475,0.0,12.31475,12.31475,12.314749999999975
USA,United States of America,North America,High income,below_average,15636.639,29911.67455109245,29334.12632714332,29789.236048788727,211972.699,14275.035551092453,13697.487327143315,14152.597048788726,91.0,4.282,15373.188822148462,4.42718213811581,7770.195949727611,181461.83908752032,173691.6431377927,-263.45017785153686,13243.822156923672,5.600633633996312,0.0,0.0,0.0,0.0,0.0,0.0,0.0,-2392.816843076327
UZB,Uzbekistan,Europe & Central Asia,Lower middle income,below_average,1183.564,2468.283353818655,2673.187062040356,2072.95658905141,23320.336,1284.719353818655,1489.6230620403555,889.3925890514099,109.0,5.293,1163.6230046045907,5.402676558920492,962.3541225834632,18181.63843913589,17219.28431655243,-19.940995395409345,1002.4475929473854,6.289150086577249,0.0,0.0,0.0,0.0,0.0,0.0,0.0,-181.1164070526147
VCT,Saint Vincent and the Grenadines,Latin America & Caribbean,Upper middle income,stable,2.443999999999999,6.510016892184874,6.955859962575477,6.023707076796323,63.03238738436617,4.066016892184875,4.511859962575478,3.579707076796324,166.0,18.792,5.952848479103212,10.000000000000004,7.499804438046809,39.90955958943599,32.40975515138918,3.5088484791032126,5.952848479103212,10.000000000000004,0.0,0.0,0.0,0.0,3.508848479103213,0.0,3.508848479103213,3.5088484791032126
VNM,Viet Nam,East Asia & Pacific,Lower middle income,stable,12147.676,7774.769206385353,7699.74429119171,8018.786560802122,66675.012,-4372.906793614647,-4447.93170880829,-4128.889439197877,-36.0,1.529,11943.0087820203,1.8983474370167737,847.2677618086236,55413.19567093681,54565.927909128186,-204.6672179796988,13091.7335,-0.1746691144942276,3776.23,0.3108602830697822,0.2163328867028953,944.0575,0.0,944.0575,944.0575,944.0575000000008
VUT,Vanuatu,East Asia & Pacific,Lower middle income,stable,3.0199999999999987,16.709845751958458,18.21584371423236,15.320540353504828,171.782,13.689845751958458,15.195843714232351,12.300540353504829,453.0,4.046,2.969118251235981,4.091510410679942,4.523526648595464,111.80243817586388,107.27891152726842,-0.0508817487640178,3.713249999999999,3.425933021756179,2.773,0.9182119205298014,0.5600888709351649,0.6932499999999999,0.0,0.69325,0.69325,0.6932500000000004
WSM,Samoa,East Asia & Pacific,Upper middle income,stable,3.192,12.852526522384975,13.231494608351095,12.87905917506324,116.092,9.660526522384975,10.039494608351095,9.68705917506324,303.0,5.048,3.138220350312998,5.135268764503342,3.1108458239896706,61.625313470476925,58.514467646487255,-0.0537796496870015,3.608,4.372952723852194,1.664,0.5213032581453634,0.3458980044345898,0.4159999999999999,0.0,0.416,0.416,0.4159999999999999
YEM,Yemen,"Middle East, North Africa, Afghanistan & Pakistan",Low income,severe_conflict,230.985,1088.6639027751248,1269.4026438123728,864.437953899985,12606.035,857.6789027751248,1038.4176438123727,633.452953899985,371.0,13.467,606.5317744488124,10.000000000000025,1458.7506234502907,10832.038490014776,9373.287866564484,375.5467744488124,606.5317744488124,10.000000000000025,194.619,0.8425612052730697,0.2406539214415361,48.65475,375.5467744488124,48.65475,375.5467744488124,375.54677444881236
ZAF,South Africa,Sub-Saharan Africa,Upper middle income,below_average,1674.6300000000003,4802.136288635165,4914.469671306005,4799.1016807893375,41361.334,3127.506288635165,3239.8396713060047,3124.4716807893374,187.0,32.279,5370.765275831803,21.22010541451861,10788.379403236837,33422.28508701272,22633.905683775887,3696.1352758318026,5370.765275831803,21.22010541451861,382.64,0.2284922639627858,0.0534337259703746,95.66,7446.150894535565,95.66,7446.150894535565,3696.1352758318026
ZMB,Zambia,Sub-Saharan Africa,Lower middle income,below_average,265.772,1013.6581880439242,1154.7873497975645,879.3567620415704,11449.18,747.8861880439242,889.0153497975646,613.5847620415705,281.0,5.67,261.29420392963226,5.700869255556665,822.4721737256095,14505.682076289406,13683.209902563796,-4.477796070367731,310.99475,5.3582411336319,180.891,0.6806247460229068,0.4362396792871905,45.22275,0.0,45.22275,45.22275,45.22275000000002
ZWE,Zimbabwe,Sub-Saharan Africa,Lower middle income,fragile,257.575,725.9208547014792,829.5011149411783,612.2249920592784,8197.652,468.34585470147925,571.9261149411784,354.6499920592784,182.0,12.13,461.328844342981,9.999999999999982,1160.344662854628,9565.908185116476,8405.56352226185,203.75384434298095,461.328844342981,9.999999999999982,195.049,0.7572512860331942,0.3170986418773355,48.76225,203.75384434298095,48.76225,203.75384434298095,203.75384434298098
