iso3,un_name,wb_region,wb_income_group,balanced_2032,balanced_2036,balanced_2041,balanced_2046,balanced_2051,balanced_2056,balanced_2061,balanced_t1_delta,balanced_t2_delta,balanced_t3_delta,balanced_t4_delta,balanced_t5_delta,balanced_total_delta,informal_insertion_2032,informal_insertion_2036,informal_insertion_2041,informal_insertion_2046,informal_insertion_2051,informal_insertion_2056,informal_insertion_2061,informal_insertion_t1_delta,informal_insertion_t2_delta,informal_insertion_t3_delta,informal_insertion_t4_delta,informal_insertion_t5_delta,informal_insertion_total_delta
AFG,Afghanistan,"Middle East, North Africa, Afghanistan & Pakistan",Low income,491.404,491.404,499.0057996661109,551.061001828249,654.6502489809858,742.199531401544,893.3425500986109,7.601799666110878,52.05520216213813,103.58924715273679,87.54928242055826,151.14301869706685,401.9385500986109,491.404,491.404,515.4716115796501,538.9253775914237,560.8389550442032,572.2111513462114,581.4171153662444,24.067611579650134,23.45376601177361,21.913577452779464,11.372196302008206,9.20596402003298,90.01311536624439
AGO,Angola,Sub-Saharan Africa,Lower middle income,471.43500000000006,471.43500000000006,497.41722716454217,805.2062506000389,1113.1656330500768,1213.8480391142557,1517.2472728541284,25.98222716454211,307.7890234354967,307.959382450038,100.68240606417885,303.39923373987267,1045.8122728541284,471.43500000000006,471.43500000000006,524.7487479414549,578.8042214121074,635.2108959653782,691.7815964447121,740.5486639305262,53.313747941454835,54.05547347065249,56.40667455327082,56.57070047933394,48.767067485814096,269.1136639305262
ALB,Albania,Europe & Central Asia,Upper middle income,119.31799999999998,119.31799999999998,121.86315929874844,118.26856520345868,143.12595975632505,137.98432901914478,161.45422624654498,2.545159298748459,-3.5945940952897644,24.857394552866367,-5.1416307371802645,23.469897227400196,42.13622624654499,119.31799999999998,119.31799999999998,115.41210118180712,110.17598875743634,108.7065962935799,103.65737187726322,102.89441917942057,-3.905898818192867,-5.2361124243707735,-1.4693924638564368,-5.04922441631669,-0.7629526978426497,-16.423580820579417
AND,Andorra,Europe & Central Asia,High income,4.224932733821807,4.224932733821807,4.29710513110631,5.082003626504343,5.358187282714802,5.819145617080288,6.159527594315303,0.0721723972845032,0.7848984953980329,0.2761836562104589,0.46095833436548617,0.3403819772350154,1.9345948604934966,4.224932733821807,4.224932733821807,4.0369593375896375,3.9341334270584567,3.779661289828668,3.6998193817317975,3.606631669775151,-0.18797339623216924,-0.10282591053118084,-0.1544721372297886,-0.07984190809687064,-0.09318771195664644,-0.6183010640466557
ARE,United Arab Emirates,"Middle East, North Africa, Afghanistan & Pakistan",High income,923.183,923.183,1013.181912981438,1160.0030223348754,1240.0472499143712,1332.775085710481,1576.3666906645376,89.99891298143802,146.82110935343735,80.04422757949578,92.72783579610996,243.5916049540565,653.1836906645376,923.183,923.183,889.4058598528375,858.9092037931405,820.19239631726,801.0423309096485,793.9353176643907,-33.77714014716253,-30.49665605969699,-38.7168074758805,-19.150065407611464,-7.107013245257804,-129.24768233560928
ARG,Argentina,Latin America & Caribbean,Upper middle income,1410.892,1410.892,1615.163721125748,1787.1006156864862,1817.294425683148,1984.7506742085627,2089.897372406409,204.27172112574794,171.9368945607382,30.193809996661685,167.45624852541482,105.14669819784626,679.0053724064089,1410.892,1410.892,1421.3588395784982,1433.6017826959526,1460.3625887476671,1486.5889835739274,1527.3388051781706,10.466839578498139,12.242943117454388,26.760806051714553,26.226394826260275,40.74982160424315,116.44680517817051
ARM,Armenia,Europe & Central Asia,Upper middle income,106.207,106.207,90.8467333433776,100.85577805152326,119.09964889442588,126.12761417690966,153.98906206479975,-15.3602666566224,10.009044708145666,18.243870842902624,7.027965282483777,27.861447887890094,47.78206206479976,106.207,106.207,110.7165967690947,114.20724981181009,116.64581085629506,120.38190349374436,123.7014698552234,4.509596769094713,3.4906530427153797,2.4385610444849704,3.7360926374493033,3.3195663614790334,17.4944698552234
ATG,Antigua and Barbuda,Latin America & Caribbean,High income,1.9659999999999984,1.9659999999999984,2.9232624470498267,4.137394458487538,5.462159488444189,6.225922776669077,7.211575868062871,0.9572624470498283,1.2141320114377114,1.3247650299566507,0.7637632882248884,0.985653091393794,5.245575868062873,1.9659999999999984,1.9659999999999984,1.9895773397880736,2.007142397516916,2.040397076219702,2.064168155948596,2.112970662639549,0.02357733978807519,0.017565057728842204,0.03325467870278631,0.023771079728893696,0.048802506690952985,0.1469706626395504
AUS,Australia,East Asia & Pacific,High income,959.068,959.068,1050.0254838437727,1431.4106989487643,1741.155661355275,2016.5999958093464,2364.160518730582,90.9574838437727,381.38521510499163,309.7449624065107,275.4443344540714,347.5605229212358,1405.0925187305822,959.068,959.068,904.0434098971814,879.2285358059635,847.9629112297295,831.2687442309365,817.4250172628925,-55.02459010281859,-24.814874091217916,-31.265624576234018,-16.69416699879298,-13.843726968043939,-141.64298273710745
AUT,Austria,Europe & Central Asia,High income,667.1699999999998,667.1699999999998,678.9170528324636,798.3710162962429,819.0282072194813,866.2351144032127,850.5889808489563,11.747052832463737,119.45396346377936,20.657190923238318,47.20690718373146,-15.64613355425638,183.4189808489565,667.1699999999998,667.1699999999998,667.1407092853693,665.206696184344,668.9399869417837,668.6664486459601,680.0114030205231,-0.029290714630519687,-1.9340131010253572,3.733290757439704,-0.27353829582352773,11.344954374562917,12.841403020523217
AZE,Azerbaijan,Europe & Central Asia,Upper middle income,276.265,276.265,312.07042822701715,438.0091412816783,573.0158945633998,653.5742151955467,788.3964061846774,35.80542822701716,125.93871305466115,135.0067532817215,80.55832063214689,134.82219098913072,512.1314061846774,276.265,276.265,261.17931357648774,252.9892530923747,246.07816409631985,240.5122748897215,238.37183757206785,-15.085686423512243,-8.190060484113047,-6.911088996054843,-5.565889206598342,-2.1404373176536637,-37.89316242793214
BDI,Burundi,Sub-Saharan Africa,Low income,62.846,62.846,138.70289464744522,219.22529115844645,319.6471394388647,386.2857282237563,470.2983542765388,75.85689464744522,80.52239651100123,100.42184828041826,66.63858878489157,84.01262605278254,407.4523542765388,62.846,62.846,64.74899057541144,66.01996446527156,69.17288334139944,71.95097208196586,75.0049768469839,1.9029905754114438,1.270973889860116,3.1529188761278846,2.7780887405664174,3.0540047650180355,12.158976846983897
BEL,Belgium,Europe & Central Asia,High income,583.5,583.5,616.5740017123396,750.7035985656701,828.4556505001785,881.5250919834734,1002.7541693481556,33.07400171233962,134.12959685333044,77.75205193450847,53.069441483294895,121.22907736468221,419.25416934815564,583.5,583.5,587.2148715425095,583.118302553098,587.5834279105551,587.1254330508942,588.8213437991158,3.7148715425095133,-4.09656898941148,4.465125357457055,-0.4579948596608574,1.6959107482215359,5.321343799115766
BEN,Benin,Sub-Saharan Africa,Lower middle income,774.463,774.463,791.3617623446348,655.696588001569,719.6546862197727,690.232320454283,712.4924347621776,16.89876234463486,-135.66517434306581,63.958098218203645,-29.422365765489644,22.260114307894582,-61.97056523782237,774.463,774.463,804.7000152552455,827.3966837104671,862.8135302737534,895.751062704432,935.5412913363436,30.237015255245524,22.696668455221584,35.4168465632863,32.93753243067863,39.790228631911646,161.07829133634368
BFA,Burkina Faso,Sub-Saharan Africa,Low income,775.183,775.183,597.9829243531451,548.8562417487343,688.947328436402,739.6651788489878,849.3345598364851,-177.20007564685488,-49.1266826044108,140.0910866876677,50.71785041258579,109.66938098749733,74.15155983648515,775.183,775.183,775.0386723290299,792.8530236357313,825.124102560184,857.8015772059753,902.3678491787618,-0.1443276709701422,17.814351306701496,32.271078924452695,32.67747464579122,44.56627197278658,127.18484917876185
BGD,Bangladesh,South Asia,Lower middle income,8122.129,8122.129,9200.04512305203,4666.531136661206,6436.265168790105,6624.171129179683,8231.750393489436,1077.9161230520303,-4533.513986390824,1769.7340321288993,187.90596038957756,1607.579264309753,109.62139348943583,8122.129,8122.129,8459.311587806986,8980.150266361341,9343.002719350012,9679.350864732176,9907.071610308756,337.1825878069858,520.8386785543553,362.85245298867085,336.34814538216415,227.72074557658016,1784.9426103087562
BGR,Bulgaria,Europe & Central Asia,High income,470.9,470.9,443.8923985853389,448.0808509898482,429.7932303643275,455.2815800045869,479.5452082296238,-27.007601414661053,4.188452404509292,-18.28762062552073,25.4883496402594,24.26362822503694,8.645208229623847,470.9,470.9,472.5633472033208,473.3768063068748,477.1314504810635,476.9410973837816,481.6047716066706,1.663347203320825,0.8134591035540097,3.754644174188684,-0.19035309728189986,4.663674222889028,10.704771606670647
BHR,Bahrain,"Middle East, North Africa, Afghanistan & Pakistan",High income,91.831,91.831,109.2584101398598,100.0285006446987,94.66826933440016,102.5167325225639,127.06010670147911,17.427410139859802,-9.22990949516111,-5.360231310298531,7.848463188163734,24.543374178915215,35.22910670147911,91.831,91.831,90.6560703140588,85.71429013846688,80.04517820325015,78.44766067078524,78.44766067078524,-1.1749296859412084,-4.941780175591916,-5.669111935216733,-1.5975175324649058,0.0,-13.383339329214763
BHS,Bahamas,Latin America & Caribbean,High income,5.945999999999999,5.945999999999999,9.17521801585869,11.901189714194048,15.915929472116714,18.56315619738433,21.81702631643317,3.2292180158586907,2.725971698335359,4.014739757922666,2.6472267252676165,3.253870119048841,15.871026316433174,5.945999999999999,5.945999999999999,5.990595382481966,5.90918608082632,5.962988725271545,5.99024716023921,6.06572460486143,0.04459538248196715,-0.08140930165564608,0.05380264444522531,0.027258434967664336,0.07547744462222017,0.11972460486143088
BIH,Bosnia and Herzegovina,Europe & Central Asia,Upper middle income,233.156,233.156,214.54978267652092,232.99859897504072,225.6811323567454,228.1266824527345,263.0883701913193,-18.606217323479086,18.4488162985198,-7.317466618295327,2.4455500959891197,34.9616877385848,29.932370191319308,233.156,233.156,233.12539476802647,234.8904931252826,237.85242008207797,238.6976175173088,241.2802586742208,-0.030605231973538594,1.7650983572561358,2.9619269567953666,0.8451974352308298,2.58264115691199,8.124258674220783
BLR,Belarus,Europe & Central Asia,Upper middle income,908.848,908.848,744.186088937753,688.364108387674,648.8659668212827,641.7038204250242,638.163696552747,-164.661911062247,-55.82198055007893,-39.49814156639138,-7.162146396258436,-3.540123872277263,-270.684303447253,908.848,908.848,862.4562942283519,829.0732777495132,803.1001953936193,783.1278002413254,762.2986584065738,-46.39170577164805,-33.38301647883873,-25.973082355893894,-19.97239515229387,-20.829141834751567,-146.5493415934261
BLZ,Belize,Latin America & Caribbean,Upper middle income,13.27,13.27,15.41823505389434,17.127308210886046,20.22337312212041,22.285438570151957,24.882233667152278,2.148235053894341,1.709073156991705,3.0960649112343646,2.0620654480315466,2.596795097000321,11.612233667152278,13.27,13.27,12.803376938003662,12.099092062721818,11.57839585171167,11.267335221283115,11.023651881149837,-0.4666230619963372,-0.7042848752818447,-0.5206962110101472,-0.31106063042855503,-0.24368334013327875,-2.246348118850163
BOL,Bolivia (Plurinational State of),Latin America & Caribbean,Lower middle income,851.178,851.178,701.7323262627831,766.4548153702486,625.7421847719926,580.1289592260612,707.4344885568671,-149.4456737372169,64.72248910746555,-140.71263059825606,-45.613225545931414,127.30552933080594,-143.7435114431329,851.178,851.178,889.6835208388103,917.1274858346184,928.620522659367,965.1722843143068,993.303288933634,38.5055208388103,27.443964995808074,11.493036824748629,36.55176165493981,28.1310046193272,142.125288933634
BRA,Brazil,Latin America & Caribbean,Upper middle income,11867.923,11867.923,10624.31113420052,12104.628220651814,13288.86142733256,14195.648490752845,16300.304673710874,-1243.6118657994812,1480.317086451294,1184.2332066807467,906.7870634202845,2104.6561829580296,4432.381673710874,11867.923,11867.923,12054.888556326545,12179.08020305416,12391.70792370031,12491.481959640843,12666.672379116875,186.96555632654417,124.19164672761508,212.62772064615092,99.77403594053249,175.19041947603182,798.7493791168745
BRB,Barbados,Latin America & Caribbean,High income,7.208999999999999,7.208999999999999,9.245415365900238,10.048773272235035,13.067715341830148,14.946766563069502,17.045655420681108,2.036415365900239,0.8033579063347975,3.018942069595113,1.8790512212393544,2.0988888576116054,9.836655420681108,7.208999999999999,7.208999999999999,7.360068363062831,7.27208439721316,7.427929396808338,7.567095431538827,7.715439021062573,0.15106836306283267,-0.08798396584967172,0.15584499959517828,0.13916603473048905,0.14834358952374593,0.5064390210625742
BRN,Brunei Darussalam,East Asia & Pacific,High income,15.443,15.443,18.848395114683616,20.094171709075752,27.31043384828607,31.87391327161627,39.44708152185101,3.405395114683616,1.2457765943921366,7.216262139210318,4.5634794233302,7.57316825023474,24.004081521851013,15.443,15.443,15.788555849966311,15.86954163730162,16.261838100429785,16.580271834601348,16.87695410211372,0.3455558499663116,0.08098578733530815,0.39229646312816513,0.3184337341715633,0.2966822675123737,1.4339541021137219
BTN,Bhutan,South Asia,Lower middle income,26.577,26.577,32.87520283731523,38.267357529555255,47.44072557776676,47.85079113529486,52.41008481234337,6.298202837315227,5.392154692240027,9.173368048211508,0.4100655575280996,4.559293677048508,25.83308481234337,26.577,26.577,25.76227532801079,24.661168907617597,24.262874492487946,22.97446762540297,22.314655681663723,-0.814724671989211,-1.1011064203931937,-0.39829441512965147,-1.2884068670849764,-0.6598119437392462,-4.262344318336279
BWA,Botswana,Sub-Saharan Africa,Upper middle income,45.864,45.864,59.344501039633016,82.78547343992712,109.3814493872882,128.9183336068719,154.6214492753079,13.480501039633019,23.4409724002941,26.595975947361083,19.536884219583698,25.703115668436,108.75744927530789,45.864,45.864,61.82924383892228,78.5368235871558,98.45707391101293,117.0224598671656,134.43110182591838,15.965243838922284,16.707579748233513,19.920250323857132,18.565385956152667,17.40864195875278,88.56710182591837
CAF,Central African Republic,Sub-Saharan Africa,Low income,81.23584422648771,81.23584422648771,77.59007400239706,75.47606896365261,81.21188050499661,88.71929031217604,104.28085085929996,-3.645770224090654,-2.114005038744452,5.735811541344006,7.507409807179428,15.561560547123918,23.045006632812246,81.23584422648771,81.23584422648771,76.56350411499287,71.94577529878737,69.21312774271227,67.78517860933945,67.08590928311703,-4.672340111494847,-4.617728816205499,-2.7326475560750936,-1.4279491333728203,-0.6992693262224208,-14.149934943370681
CAN,Canada,North America,High income,1847.058,1847.058,1986.8778564548784,2560.8253054853712,2907.799965315862,3348.5470036938427,3818.931346479236,139.8198564548784,573.9474490304929,346.97465983049096,440.7470383779805,470.3843427853931,1971.8733464792358,1847.058,1847.058,1749.504605622296,1704.035772719051,1632.50001698677,1608.4107891549768,1572.8454391024964,-97.55339437770408,-45.4688329032449,-71.5357557322809,-24.089227831793323,-35.565350052480426,-274.21256089750364
CHE,Switzerland,Europe & Central Asia,High income,558.7,558.7,585.0248825858359,722.5461430959211,798.5380897345424,857.6566841503299,825.5029266013682,26.324882585835894,137.5212605100852,75.99194663862124,59.11859441578747,-32.15375754896161,266.8029266013682,558.7,558.7,537.5811340414697,530.8367017615026,514.807244185548,503.4657995340021,477.8165766831323,-21.118865958530364,-6.7444322799671,-16.029457575954552,-11.341444651545942,-25.649222850869762,-80.88342331686772
CHL,Chile,Latin America & Caribbean,High income,899.041,899.041,849.3667372402128,1061.305868583237,1236.1007723564658,1412.9226702231338,1659.8145024803234,-49.67426275978721,211.9391313430242,174.79490377322873,176.821897866668,246.89183225718966,760.7735024803234,899.041,899.041,917.210598549261,926.0040964541172,936.325982707848,942.6697891875832,954.551139590767,18.169598549260968,8.793497904856167,10.321886253730781,6.343806479735235,11.881350403183774,55.510139590766926
CHN,China,East Asia & Pacific,Upper middle income,215200.0,215200.0,199403.2932193412,179976.7530121666,148176.72182261248,122986.86382195196,71678.32488410543,-15796.706780658802,-19426.540207174607,-31800.03118955411,-25189.85800066052,-51308.53893784653,-143521.67511589458,215200.0,215200.0,210828.36323735365,205314.9501669935,198945.38329229355,193032.7658936815,185498.3880385435,-4371.636762646347,-5513.41307036014,-6369.566874699958,-5912.617398612056,-7534.377855138009,-29701.61196145651
CIV,Côte d'Ivoire,Sub-Saharan Africa,Lower middle income,1110.439,1110.439,747.0002093399349,980.45546638618,1275.1410992033825,1375.4012594429275,1692.437535660065,-363.43879066006514,233.45525704624504,294.68563281720253,100.26016023954503,317.03627621713736,581.9985356600648,1110.439,1110.439,1165.5392892653276,1207.437857285173,1261.1867439858868,1308.7968835600102,1352.7710349380136,55.10028926532755,41.89856801984547,53.74888670071368,47.61013957412342,43.9741513780034,242.33203493801352
CMR,Cameroon,Sub-Saharan Africa,Lower middle income,887.897,887.897,401.7477162105759,502.1286532846523,749.604379698038,937.4529321510382,1176.2953146122622,-486.14928378942415,100.38093707407637,247.4757264133857,187.84855245300025,238.84238246122402,288.3983146122622,887.897,887.897,931.1272729993212,958.3759583287982,991.4915848784073,1024.3537416944896,1062.0694113801906,43.23027299932119,27.248685329476984,33.11562654960903,32.86215681608235,37.71566968570096,174.1724113801905
COD,Democratic Republic of the Congo,Sub-Saharan Africa,Low income,1602.239,1602.239,2136.762103889566,2613.952781132726,2702.3811741155364,3158.4622372472736,3795.8232764252007,534.5231038895658,477.1906772431603,88.42839298281024,456.0810631317372,637.3610391779271,2193.5842764252006,1602.239,1602.239,1606.847229437141,1649.2921643303532,1741.36218331301,1812.82624596844,1895.143495042081,4.608229437141063,42.44493489321212,92.07001898265685,71.46406265542987,82.31724907364105,292.90449504208095
COG,Congo,Sub-Saharan Africa,Lower middle income,110.534,110.534,147.48316707305014,116.5666057081867,166.3555482159309,198.1437006951037,237.46304834699987,36.949167073050134,-30.91656136486344,49.788942507744196,31.788152479172794,39.31934765189618,126.92904834699986,110.534,110.534,114.64235952177056,113.02379399458113,118.00539357740529,122.667017875185,127.40615132485796,4.108359521770552,-1.618565527189432,4.98159958282416,4.66162429777971,4.739133449672963,16.872151324857953
COL,Colombia,Latin America & Caribbean,Upper middle income,2609.324,2609.324,2373.391702554167,2524.765054298496,2764.363641992563,2940.255549532343,3503.518976640971,-235.93229744583323,151.37335174432928,239.59858769406674,175.89190753978028,563.2634271086276,894.1949766409707,2609.324,2609.324,2672.2977292661712,2722.0530162322284,2796.243093763984,2845.51030091656,2907.1501923868377,62.973729266171176,49.755286966057156,74.19007753175538,49.26720715257625,61.63989147027769,297.82619238683765
COM,Comoros,Sub-Saharan Africa,Lower middle income,13.667999999999996,13.667999999999996,18.02841184591446,24.031868873348326,31.56788782644186,34.09903511560445,40.46668331621318,4.360411845914463,6.003457027433868,7.536018953093535,2.5311472891625897,6.367648200608727,26.798683316213182,13.667999999999996,13.667999999999996,14.221624589376283,14.625343701900952,15.245133786909904,15.793178495746162,16.40536564989768,0.5536245893762874,0.4037191125246693,0.619790085008951,0.5480447088362581,0.6121871541515169,2.737365649897683
CPV,Cabo Verde,Sub-Saharan Africa,Upper middle income,19.906,19.906,13.23546119281987,17.33955215557778,22.52928974493293,25.996574604167662,32.20285169252708,-6.6705388071801295,4.104090962757912,5.1897375893551505,3.4672848592347307,6.206277088359414,12.296851692527078,19.906,19.906,20.89296438099876,21.490849622241026,22.21642471670058,22.881741709772022,23.474092809081416,0.98696438099876,0.5978852412422668,0.725575094459554,0.6653169930714427,0.5923510993093934,3.568092809081417
CRI,Costa Rica,Latin America & Caribbean,High income,242.25800000000004,242.25800000000004,203.2638646931582,260.4813288514591,271.8641765871871,312.86801516206657,366.7783348817553,-38.99413530684183,57.21746415830091,11.382847735727978,41.00383857487947,53.910319719688744,124.52033488175528,242.25800000000004,242.25800000000004,247.59798826009023,249.5226873974879,254.68251197200232,257.4145943793268,259.1887132641898,5.339988260090195,1.9246991373976812,5.159824574514403,2.7320824073244694,1.7741188848630145,16.930713264189762
CUB,Cuba,Latin America & Caribbean,Upper middle income,462.0,462.0,516.4719557336155,484.8486480571384,539.0102804077228,601.2400033339412,673.3292332963874,54.47195573361546,-31.623307676477054,54.1616323505844,62.229722926218415,72.08922996244621,211.32923329638743,462.0,462.0,450.7102706006726,414.8724500228533,396.9291967402445,390.3010174679303,383.67560694875385,-11.289729399327427,-35.837820577819286,-17.943253282608794,-6.628179272314185,-6.625410519176455,-78.32439305124615
CYP,Cyprus,Europe & Central Asia,High income,30.1,30.1,27.72459119293136,40.61331618506991,50.21960063553348,56.233043306895766,68.07993605097366,-2.3754088070686414,12.888724992138552,9.60628445046357,6.013442671362284,11.846892744077891,37.979936050973656,30.1,30.1,30.53901101343716,30.53312695287761,30.73099437758217,30.804993303746755,30.879087023446893,0.43901101343715965,-0.00588406055955204,0.19786742470456176,0.07399892616458459,0.07409371970013723,0.7790870234468912
CZE,Czechia,Europe & Central Asia,High income,1258.8,1258.8,1244.1652778965577,1297.8940238979635,995.4616527496336,990.354745861208,863.1734154310429,-14.6347221034423,53.72874600140585,-302.43237114832993,-5.106906888425556,-127.18133043016508,-395.626584568957,1258.8,1258.8,1260.8087936038432,1255.0865099943344,1268.4747772776775,1267.9108011352,1284.8042567209886,2.008793603843287,-5.72228360950885,13.388267283343112,-0.5639761424774861,16.893455585788615,26.00425672098868
DEU,Germany,Europe & Central Asia,High income,7611.7,7611.7,7669.04841814914,8609.410159781051,7708.342340048416,8239.598858735579,7564.763508133566,57.34841814914034,940.3617416319112,-901.0678197326351,531.2565186871625,-674.835350602013,-46.93649186643415,7611.7,7611.7,7630.129230175585,7602.744913680907,7677.032289740207,7673.773346518493,7786.026311120747,18.429230175584962,-27.384316494677478,74.28737605929928,-3.2589432217137073,112.252964602254,174.32631112074705
DJI,Djibouti,"Middle East, North Africa, Afghanistan & Pakistan",Lower middle income,0.1979999999999986,0.1979999999999986,7.454585926044022,14.193005076012652,21.802598654628035,26.96535526184694,33.348511197373575,7.256585926044023,6.73841914996863,7.609593578615383,5.162756607218906,6.383155935526634,33.150511197373575,0.1979999999999986,0.1979999999999986,0.2580132966808925,0.3280782984854782,0.4102261984492383,0.4887136853576507,0.5749955226077514,0.06001329668089392,0.07006500180458569,0.0821478999637601,0.0784874869084124,0.08628183725010075,0.3769955226077528
DMA,Dominica,Latin America & Caribbean,Upper middle income,1.932999999999999,1.932999999999999,2.3374419726058773,2.6726715540692605,3.368794573780871,3.782356412471481,4.246942908891655,0.40444197260587833,0.3352295814633832,0.6961230197116106,0.4135618386906099,0.464586496420174,2.313942908891656,1.932999999999999,1.932999999999999,1.9768444107650132,1.9830773792233816,2.0316411093615563,2.075162455375724,2.132221692098385,0.04384441076501422,0.006232968458368404,0.04856373013817472,0.04352134601416768,0.05705923672266122,0.19922169209838625
DNK,Denmark,Europe & Central Asia,High income,348.0,348.0,377.0911458802641,471.6171317740735,519.5459632688826,542.9356149758005,547.855385127903,29.091145880264094,94.52598589380943,47.92883149480906,23.389651706917903,4.919770152102501,199.855385127903,348.0,348.0,349.83462053516735,349.2957133650552,351.6298453532499,351.0392695180086,357.1138236068006,1.8346205351673461,-0.5389071701121679,2.334131988194713,-0.5905758352412818,6.074554088792013,9.113823606800622
DOM,Dominican Republic,Latin America & Caribbean,Upper middle income,499.4309999999999,499.4309999999999,448.8396876417845,502.4237934502184,529.8622540407079,593.1701215020227,709.9121554163432,-50.59131235821542,53.58410580843389,27.438460590489456,63.3078674613148,116.74203391432059,210.4811554163433,499.4309999999999,499.4309999999999,508.76623132330366,517.2568431196399,514.3912527936885,521.6841262939009,529.2880657604846,9.33523132330373,8.490611796336282,-2.865590325951416,7.2928735002124085,7.603939466583711,29.857065760484716
DZA,Algeria,"Middle East, North Africa, Afghanistan & Pakistan",Upper middle income,1163.608,1163.608,1567.0758698962522,1490.8067663576253,1986.6165797435256,2306.7463651717194,2715.909339349683,403.4678698962523,-76.26910353862695,495.80981338590027,320.1297854281938,409.1629741779634,1552.3013393496828,1163.608,1163.608,1185.774211225523,1188.2084295138222,1236.7012970319606,1282.7971011204052,1341.960223152768,22.166211225523057,2.4342182882992347,48.49286751813838,46.09580408844454,59.163122032362935,178.35222315276815
ECU,Ecuador,Latin America & Caribbean,Upper middle income,821.51,821.51,568.3354198144585,711.6633268329836,880.6678841168947,988.5692757590376,1189.4333492589897,-253.17458018554146,143.32790701852502,169.00455728391114,107.90139164214293,200.86407349995204,367.9233492589897,821.51,821.51,857.4747471078518,873.8739426222182,897.7998290603784,917.0528974666242,937.7747611821122,35.96474710785185,16.399195514366397,23.925886438160205,19.253068406245802,20.721863715487984,116.26476118211224
EGY,Egypt,"Middle East, North Africa, Afghanistan & Pakistan",Lower middle income,3945.507,3945.507,3570.5621666954607,4013.318359864576,5197.019093760124,5971.460731262839,7166.680404526109,-374.9448333045393,442.75619316911525,1183.7007338955477,774.4416375027149,1195.2196732632701,3221.1734045261087,3945.507,3945.507,4056.493842372759,4202.763900687632,4343.62210070152,4461.863494141527,4573.770860489554,110.98684237275893,146.27005831487259,140.85820001388856,118.2413934400065,111.90736634802761,628.2638604895542
ERI,Eritrea,Sub-Saharan Africa,Low income,55.16140037717689,55.16140037717689,62.04509867069342,74.620872426877,94.44777009680072,110.149896799384,134.119304276667,6.883698293516531,12.57577375618358,19.826897669923724,15.702126702583271,23.969407477283013,78.95790389949012,55.16140037717689,55.16140037717689,51.988751332379074,48.8531848778252,46.997641092127424,46.02802386694521,45.553200522121074,-3.172649044797815,-3.1355664545538744,-1.8555437856977761,-0.9696172251822119,-0.4748233448241379,-9.608199855055815
ESP,Spain,Europe & Central Asia,High income,2698.1,2698.1,2712.056022279284,3274.357662243144,3467.3543102858407,3799.241404740871,4307.3305564235225,13.956022279284298,562.30163996386,192.9966480426965,331.88709445503036,508.0891516826514,1609.2305564235226,2698.1,2698.1,2733.4281159206607,2740.17657160698,2781.6319010800207,2798.442529500986,2832.6548694812827,35.32811592066082,6.748455686319176,41.45532947304082,16.81062842096526,34.21233998029675,134.55486948128282
EST,Estonia,Europe & Central Asia,High income,107.6,107.6,89.44485778901577,97.3454824430216,97.28669250697618,107.52645952468556,111.8739271892626,-18.155142210984224,7.900624654005824,-0.05878993604541449,10.239767017709383,4.347467664577039,4.273927189262608,107.6,107.6,106.73446909595177,106.66744354627716,107.5084945700572,107.66585194249528,108.9191766431232,-0.865530904048228,-0.06702554967461083,0.8410510237800395,0.157357372438085,1.253324700627914,1.3191766431231997
ETH,Ethiopia,Sub-Saharan Africa,,1174.964,1174.964,1846.5150541830983,2521.9347204860505,3337.8616410125,3826.4125313191616,4463.709764259364,671.5510541830984,675.4196663029522,815.9269205264495,488.5508903066616,637.2972329402028,3288.7457642593645,1174.964,1174.964,1199.432955401347,1219.511424372829,1266.0484310602358,1299.5465112056431,1349.9496931649574,24.468955401347102,20.078468971481925,46.5370066874068,33.49808014540736,50.403181959314225,174.9856931649574
FIN,Finland,Europe & Central Asia,High income,335.8,335.8,362.1620491023975,425.6627676012086,459.7718396738593,507.6830936253478,501.3953506794977,26.362049102397464,63.500718498811125,34.10907207265069,47.911253951488504,-6.287742945850084,165.5953506794977,335.8,335.8,335.68661834199946,334.8217528272708,336.97519240921224,337.09689456197145,342.7329555137818,-0.11338165800054867,-0.864865514728649,2.153439581941427,0.12170215275921237,5.63606095181035,6.932955513781792
FJI,Fiji,East Asia & Pacific,Upper middle income,19.247,19.247,19.348975893542438,24.679926622757502,33.740092797977425,39.85612631843037,49.48258913570704,0.10197589354243775,5.330950729215065,9.060166175219923,6.116033520452945,9.626462817276668,30.235589135707038,19.247,19.247,19.689864120304463,19.926009008603835,20.1842711545705,20.376363742140075,20.51664724635307,0.4428641203044634,0.2361448882993713,0.25826214596666475,0.1920925875695758,0.14028350421299507,1.2696472463530704
FRA,France,Europe & Central Asia,High income,3223.2,3223.2,3363.2685341864712,4054.012753189226,4460.683607155145,4994.200282804884,5601.996185784216,140.06853418647142,690.7442190027546,406.6708539659194,533.5166756497392,607.7959029793319,2378.7961857842165,3223.2,3223.2,3248.876194174629,3228.461726036757,3257.8896263770903,3260.720299652098,3288.870898462399,25.676194174629018,-20.41446813787161,29.427900340333053,2.830673275007939,28.150598810300835,65.67089846239924
FSM,Micronesia (Federated States of),East Asia & Pacific,Lower middle income,0.8349999999999983,0.8349999999999983,1.8450687353703743,2.9505750141009464,4.323705883317585,5.193435907510905,6.3697059720340885,1.0100687353703761,1.105506278730572,1.3731308692166384,0.8697300241933199,1.1762700645231838,5.53470597203409,0.8349999999999983,0.8349999999999983,0.7821872812465056,0.7324970059184887,0.7135526243411834,0.6915713266807018,0.6802706727631048,-0.05281271875349269,-0.04969027532801695,-0.01894438157730527,-0.021981297660481625,-0.011300653917596937,-0.15472932723689348
GAB,Gabon,Sub-Saharan Africa,Upper middle income,7.951999999999999,7.951999999999999,21.108867883021272,33.24587187116142,50.1166192096802,61.518330963122814,76.2436356210685,13.156867883021274,12.137003988140147,16.870747338518782,11.401711753442612,14.725304657945692,68.29163562106851,7.951999999999999,7.951999999999999,10.064186434340826,12.746537884240707,16.227636798097883,19.42303703293501,22.292331404235316,2.1121864343408268,2.6823514498998815,3.481098913857176,3.195400234837127,2.869294371300306,14.340331404235318
GBR,United Kingdom of Great Britain and Northern Ireland,Europe & Central Asia,High income,2667.359,2667.359,3279.9685619329,3958.731015995348,4795.92348209282,5409.027913744262,5859.894516389613,612.6095619328999,678.7624540624483,837.1924660974723,613.1044316514417,450.8666026453511,3192.5355163896133,2667.359,2667.359,2650.2835618510217,2618.7997409683426,2637.927058226991,2642.515567623668,2674.089362664595,-17.075438148978265,-31.483820882679083,19.127317258648418,4.588509396677182,31.573795040926598,6.73036266459485
GEO,Georgia,Europe & Central Asia,Upper middle income,111.386,111.386,101.10590125944904,126.86199421322344,160.03437589980425,174.51112429495367,214.7442024223795,-10.280098740550955,25.7560929537744,33.172381686580806,14.476748395149428,40.23307812742581,103.35820242237949,111.386,111.386,114.96567790405685,116.71814366643876,119.02723334052018,121.13312388810536,122.79777554849132,3.579677904056851,1.7524657623819166,2.30908967408142,2.105890547585176,1.6646516603859567,11.41177554849132
GHA,Ghana,Sub-Saharan Africa,Lower middle income,4949.787,4949.787,4386.264638958799,4026.1742349425663,5019.769893514718,5531.987610534306,6384.900729020989,-563.5223610412013,-360.0904040162327,993.5956585721519,512.2177170195882,852.9131184866828,1435.113729020989,4949.787,4949.787,4882.115727894363,4803.469863798951,4854.129107507003,4887.888525881247,4946.488335051187,-67.6712721056374,-78.64586409541153,50.65924370805169,33.75941837424398,58.59980916994027,-3.298664948812984
GIN,Guinea,Sub-Saharan Africa,Lower middle income,276.45,276.45,256.8618517177544,275.89960727822256,350.9464522109924,393.1887538522853,469.36614868738747,-19.588148282245584,19.037755560468156,75.04684493276983,42.2423016412929,76.17739483510218,192.91614868738748,276.45,276.45,257.6769307956231,241.9181552304609,236.0692443083153,231.0243133645768,228.9092516773505,-18.773069204376895,-15.758775565162182,-5.84891092214562,-5.044930943738478,-2.1150616872263015,-47.54074832264948
GMB,Gambia,Sub-Saharan Africa,Low income,54.98299999999999,54.98299999999999,69.13885189976804,75.43040973791797,76.95110851926299,86.88748975553823,103.27639660163518,14.155851899768052,6.291557838149927,1.5206987813450183,9.936381236275238,16.38890684609696,48.293396601635195,54.98299999999999,54.98299999999999,56.89070526444394,57.81258017719707,60.43444673394545,62.41954410882349,64.83932765626415,1.9077052644439476,0.9218749127531325,2.6218665567483797,1.9850973748780376,2.419783547440659,9.856327656264156
GNB,Guinea-Bissau,Sub-Saharan Africa,Low income,36.172,36.172,39.0278873415046,44.69475507807063,54.74185781184037,62.95849385117747,75.81398157048972,2.855887341504605,5.666867736566026,10.04710273376974,8.216636039337104,12.855487719312244,39.64198157048972,36.172,36.172,36.99816698887234,37.94215290907861,39.61429309803318,41.20668212307848,42.9915110284896,0.8261669888723446,0.9439859202062664,1.6721401889545717,1.5923890250452999,1.7848289054111177,6.8195110284896
GNQ,Equatorial Guinea,Sub-Saharan Africa,Upper middle income,1.4999999999999984,1.4999999999999984,16.18339318546528,33.812714580521224,52.9430281493885,65.98793187774999,82.66460110007584,14.683393185465283,17.629321395055943,19.13031356886728,13.044903728361483,16.676669222325856,81.16460110007584,1.4999999999999984,1.4999999999999984,1.301284711173082,1.217110246712832,1.1905302063358083,1.1705265821131932,1.154540948366119,-0.19871528882691636,-0.08417446446025001,-0.026580040377023773,-0.020003624222615146,-0.01598563374707407,-0.34545905163387935
GRC,Greece,Europe & Central Asia,High income,1690.4,1690.4,1586.887279391556,2076.781318945341,2516.889734558444,2844.43388483212,3385.205207317699,-103.51272060844417,489.894039553785,440.10841561310326,327.54415027367577,540.7713224855793,1694.8052073176991,1690.4,1690.4,1716.6120521856872,1714.584083654221,1717.6022248875709,1715.0761374489111,1721.484494303712,26.21205218568707,-2.0279685314660583,3.018141233349752,-2.526087438659715,6.408356854800786,31.084494303711836
GRD,Grenada,Latin America & Caribbean,Upper middle income,2.071999999999999,2.071999999999999,2.9402931122306715,3.6809631239968494,4.792088350384902,5.5262965592482605,6.424039826666505,0.8682931122306723,0.740670011766178,1.1111252263880527,0.7342082088633584,0.8977432674182442,4.3520398266665055,2.071999999999999,2.071999999999999,2.1152593083774045,2.114599641737561,2.1562541406062343,2.193526322303534,2.2403392683305654,0.043259308377405326,-0.0006596666398435147,0.04165449886867334,0.03727218169729962,0.046812946027031455,0.16833926833056623
GTM,Guatemala,Latin America & Caribbean,Upper middle income,1155.304,1155.304,1132.1099576584345,973.093986562017,998.397625883318,991.924978120938,1028.7442156799598,-23.19404234156559,-159.0159710964175,25.303639321301034,-6.4726477623800065,36.81923755902176,-126.55978432004031,1155.304,1155.304,1189.1476298908242,1207.9416898531915,1250.64511302317,1287.0579233817575,1331.6151707820732,33.843629890824104,18.794059962367328,42.70342316997858,36.41281035858742,44.557247400315646,176.31117078207308
GUY,Guyana,Latin America & Caribbean,High income,25.393000000000004,25.393000000000004,31.97685807594837,23.715191145354847,32.82109550521246,38.86127271756611,46.12606695366735,6.583858075948367,-8.261666930593524,9.105904359857615,6.0401772123536475,7.264794236101238,20.733066953667343,25.393000000000004,25.393000000000004,26.76531312323792,27.19905603586009,29.16418417531415,30.917596448673866,32.57778337113924,1.372313123237916,0.4337429126221686,1.9651281394540625,1.7534122733597144,1.6601869224653747,7.184783371139236
HND,Honduras,Latin America & Caribbean,Lower middle income,549.152,549.152,553.051026252278,553.2927695733949,602.3880582222209,616.5964337233643,634.7062364143858,3.899026252277963,0.2417433211169282,49.095288648826,14.208375501143337,18.109802691021514,85.55423641438574,549.152,549.152,558.2032458184201,563.4208694192454,575.7382049842805,588.4942996390545,609.9627063574935,9.051245818420057,5.217623600825277,12.317335565035137,12.75609465477396,21.46840671843904,60.81070635749347
HRV,Croatia,Europe & Central Asia,High income,263.1,263.1,232.28110635889448,250.1083561881563,255.17553844019733,268.8806229471535,300.3199453250985,-30.818893641105547,17.82724982926183,5.067182252041022,13.705084506956155,31.439322377945018,37.21994532509848,263.1,263.1,264.0730972791524,263.5072197078899,265.36507959288906,265.73515669179085,268.0221603387833,0.9730972791523982,-0.565877571262547,1.8578598849991863,0.3700770989017883,2.2870036469924457,4.9221603387832715
HTI,Haiti,Latin America & Caribbean,Lower middle income,52.157,52.157,146.7980853913128,256.7890087722756,379.4823543239233,463.91664184449616,573.3103049337043,94.64108539131281,109.99092338096281,122.69334555164767,84.43428752057287,109.39366308920813,521.1533049337042,52.157,52.157,70.89921918276433,89.62805158517747,111.13595928880092,132.32896823442135,152.43132411331447,18.74221918276433,18.728832402413147,21.507907703623445,21.193008945620434,20.10235587889312,100.27432411331448
HUN,Hungary,Europe & Central Asia,High income,926.2999999999998,926.2999999999998,884.3852960299747,933.5579978591326,780.6955079296164,788.6920997764471,728.210481267577,-41.91470397002513,49.17270182915786,-152.8624899295162,7.996591846830711,-60.48161850887004,-198.0895187324228,926.2999999999998,926.2999999999998,930.3516435066962,925.6078387510144,935.4147866962444,935.1094185954802,945.5329061554364,4.051643506696337,-4.743804755681822,9.806947945230036,-0.3053681007642126,10.423487559956243,19.23290615543658
IDN,Indonesia,East Asia & Pacific,Upper middle income,19086.664,19086.664,17907.18249100273,17079.832811693002,17825.91369774668,17910.10725701218,21155.50542467197,-1179.481508997269,-827.3496793097293,746.0808860536781,84.19355926549906,3245.3981676597905,2068.8414246719694,19086.664,19086.664,19633.994670405504,20378.636592766365,20954.808352373195,21539.619313240182,22236.20290979788,547.330670405503,744.6419223608609,576.1717596068302,584.8109608669874,696.5835965576989,3149.5389097978805
IND,India,South Asia,Lower middle income,59533.05499999999,59533.05499999999,71970.46186352914,80035.54984230136,87742.81099421634,93217.43676008326,107502.54443420576,12437.406863529148,8065.087978772222,7707.26115191498,5474.62576586692,14285.107674122497,47969.48943420577,59533.05499999999,59533.05499999999,61263.18391546103,63438.22545993411,65375.42405873173,67234.7852136171,69690.67243295678,1730.128915461035,2175.0415444730825,1937.1985987976223,1859.361154885366,2455.887219339682,10157.617432956788
IRL,Ireland,Europe & Central Asia,High income,304.1000000000001,304.1000000000001,297.3820221500031,383.9723214818147,420.2217165075769,446.5308011487757,491.1863112068233,-6.717977849996998,86.5902993318116,36.249395025762226,26.309084641198808,44.65551005804758,187.0863112068232,304.1000000000001,304.1000000000001,305.54486159958014,305.40438521137463,308.1772362840984,308.17344817769686,308.93840752559464,1.444861599580065,-0.14047638820551356,2.7728510727237676,-0.0037881064015437005,0.7649593478977863,4.838407525594562
IRN,Iran (Islamic Republic of),"Middle East, North Africa, Afghanistan & Pakistan",Upper middle income,4335.783,4335.783,4648.734344221353,5433.967438546725,5558.208227585413,5723.673913824773,6527.159522642543,312.9513442213529,785.2330943253719,124.24078903868758,165.46568623936037,803.4856088177703,2191.376522642543,4335.783,4335.783,4221.330916083921,4120.250566352916,3926.1364789628014,3798.68946469558,3751.16462547424,-114.45208391607957,-101.08034973100439,-194.11408739011495,-127.44701426722122,-47.524839221340244,-584.6183745257604
IRQ,Iraq,"Middle East, North Africa, Afghanistan & Pakistan",Upper middle income,535.537,535.537,728.8958556711943,1071.0300813037472,1468.9116555158084,1680.051908589796,2079.518164838092,193.3588556711943,342.1342256325529,397.8815742120612,211.14025307398765,399.4662562482961,1543.9811648380921,535.537,535.537,670.2901225223344,846.5987841955045,1023.2235676351354,1198.4223281482402,1387.6399897503295,134.75312252233437,176.30866167317015,176.62478343963085,175.19876051310484,189.21766160208927,852.1029897503295
ISL,Iceland,Europe & Central Asia,High income,20.774,20.774,17.603688045219183,23.62845905947894,26.16574064832728,28.7254995483033,33.22339620566831,-3.170311954780818,6.0247710142597555,2.537281588848341,2.5597588999760212,4.497896657365008,12.449396205668307,20.774,20.774,21.20172661546819,21.21080010698141,21.066028862358323,21.095031486250928,21.203713724792,0.42772661546818824,0.009073491513220233,-0.14477124462308666,0.029002623892605328,0.10868223854107129,0.42971372479199843
ISR,Israel,"Middle East, North Africa, Afghanistan & Pakistan",High income,388.26,388.26,435.5344550806881,545.370320058331,653.8233510423559,744.8044610666946,789.0542085283257,47.274455080688085,109.83586497764293,108.45303098402485,90.9811100243387,44.24974746163116,400.7942085283257,388.26,388.26,373.0865700057876,361.5986418456234,352.1596262448786,347.6129121397379,331.83386996371246,-15.17342999421237,-11.487928160164245,-9.439015600744767,-4.5467141051407225,-15.779042176025428,-56.42613003628753
ITA,Italy,Europe & Central Asia,High income,4314.9,4314.9,4389.173844438583,4676.323542016725,4536.807801319799,4745.938293828884,4771.91914029623,74.27384443858318,287.14969757814197,-139.5157406969256,209.13049250908443,25.980846467346055,457.01914029623003,4314.9,4314.9,4330.902419839215,4336.075980626794,4386.927674760044,4400.810034021432,4473.652125146281,16.00241983921569,5.173560787578936,50.85169413325002,13.882359261388046,72.8420911248486,158.7521251462813
JAM,Jamaica,Latin America & Caribbean,Upper middle income,45.544,45.544,75.27043396934805,96.7626276228792,132.8186377467772,156.1802863633095,186.49878403952883,29.72643396934805,21.492193653531146,36.056010123898005,23.361648616532307,30.318497676219323,140.95478403952882,45.544,45.544,46.459126943975726,46.174649780623405,47.58471684138201,48.62728107391439,49.91641040367854,0.9151269439757286,-0.28447716335232087,1.4100670607586068,1.0425642325323778,1.289129329764151,4.372410403678543
JOR,Jordan,"Middle East, North Africa, Afghanistan & Pakistan",Lower middle income,252.79,252.79,347.4087515101839,455.26265615520913,621.2742141983014,724.2149321384842,881.8970605176974,94.6187515101839,107.85390464502524,166.01155804309224,102.94071794018282,157.68212837921317,629.1070605176974,252.79,252.79,305.9172270450744,360.9974910345642,426.1366302406133,486.99494305848987,545.1327346231072,53.12722704507442,55.080263989489765,65.1391392060491,60.858312817876595,58.13779156461737,292.3427346231073
JPN,Japan,East Asia & Pacific,High income,9758.409,9758.409,9600.3083736897,10490.488438817354,10016.599451480151,10508.025694916543,9699.717327848266,-158.10062631029905,890.1800651276535,-473.8889873372027,491.4262434363918,-808.3083670682772,-58.691672151733655,9758.409,9758.409,9475.829642973811,9207.075163031644,8858.024093393566,8661.69159994844,8321.514141473235,-282.5793570261885,-268.75447994216665,-349.05106963807884,-196.33249344512478,-340.17745847520564,-1436.8948585267644
KAZ,Kazakhstan,Europe & Central Asia,Upper middle income,613.651,613.651,726.5882995549201,954.4317163705316,1125.3768183933737,1141.7432024313216,1372.463888101971,112.93729955492017,227.84341681561148,170.9451020228421,16.36638403794791,230.72068567064935,758.812888101971,613.651,613.651,596.6617300686764,583.6865577225159,560.3549690681526,530.3445562525476,525.1626842449562,-16.98926993132352,-12.975172346160548,-23.33158865436326,-30.010412815605036,-5.181872007591437,-88.4883157550438
KEN,Kenya,Sub-Saharan Africa,Lower middle income,1065.0990000000002,1065.0990000000002,1152.6538945250402,1394.434900125826,1853.46123840709,2165.9474473406067,2666.308908445482,87.55489452504003,241.78100560078587,459.02633828126386,312.48620893351676,500.36146110487516,1601.2099084454817,1065.0990000000002,1065.0990000000002,1123.7029137722716,1171.875452611106,1230.2498667514024,1279.2125868015162,1323.8826651033294,58.603913772271426,48.1725388388345,58.37441414029627,48.96272005011383,44.67007830181319,258.7836651033292
KGZ,Kyrgyzstan,Europe & Central Asia,Lower middle income,287.604,287.604,260.9395040152742,301.36953662212954,338.7174839852321,319.7080285378746,387.15434210961394,-26.66449598472576,40.43003260685532,37.34794736310255,-19.00945544735748,67.44631357173932,99.55034210961395,287.604,287.604,299.82820674896067,309.4837489794705,320.7878357989175,332.8478979287698,343.9163929669055,12.224206748960682,9.655542230509809,11.304086819447036,12.06006212985227,11.068495038135723,56.31239296690552
KHM,Cambodia,East Asia & Pacific,Lower middle income,1576.652,1576.652,1572.1979368169095,1146.6777906816578,1111.2232180625126,990.8988327752404,1025.313447988506,-4.454063183090511,-425.5201461352517,-35.45457261914521,-120.32438528727221,34.414615213265506,-551.3385520114941,1576.652,1576.652,1600.3754260615335,1639.9733281325532,1681.083420378948,1701.7107535783434,1751.808320132733,23.723426061533473,39.59790207101969,41.11009224639474,20.62733319939548,50.09756655438946,175.15632013273284
KIR,Kiribati,East Asia & Pacific,Lower middle income,5.247999999999999,5.247999999999999,5.412313778307079,5.222547676061968,6.104450151629185,6.424681978882077,7.231585886356557,0.16431377830708005,-0.1897661022451116,0.8819024755672169,0.32023182725289256,0.8069039074744797,1.9835858863565576,5.247999999999999,5.247999999999999,5.240836072162872,5.380586343711427,5.606349293227699,5.804262432051395,6.062541806131611,-0.007163927837127382,0.13975027154855546,0.2257629495162714,0.19791313882369632,0.2582793740802156,0.8145418061316114
KNA,Saint Kitts and Nevis,Latin America & Caribbean,High income,0.2849999999999985,0.2849999999999985,0.7220252219590868,1.246007287684928,1.8418508684882569,2.2484903987498424,2.7635028784374764,0.43702522195908833,0.5239820657258412,0.5958435808033289,0.4066395302615855,0.5150124796876341,2.478502878437478,0.2849999999999985,0.2849999999999985,0.269819999245354,0.2538853665616878,0.247097833119233,0.2425963545380605,0.2389262273901339,-0.015180000754644485,-0.015934632683666183,-0.006787533442454807,-0.004501478581172502,-0.0036701271479266107,-0.04607377260986459
KOR,Republic of Korea,East Asia & Pacific,High income,4382.321,4382.321,4713.588652474295,5077.328196342923,4933.335978914756,5127.056790563715,4597.481781289789,331.26765247429466,363.73954386862806,-143.99221742816644,193.72081164895917,-529.5750092739263,215.16078128978916,4382.321,4382.321,4407.62707507107,4388.169805906511,4443.526168541667,4450.650330176727,4529.303008811293,25.306075071070154,-19.457269164558966,55.356362635156074,7.124161635059863,78.65267863456575,146.98200881129287
KWT,Kuwait,"Middle East, North Africa, Afghanistan & Pakistan",High income,494.2070000000001,494.2070000000001,466.577726662411,378.9938651408287,368.96249846987945,369.0231909898775,393.87114008370594,-27.629273337589098,-87.58386152158232,-10.03136667094924,0.06069251999804237,24.847949093828447,-100.33585991629417,494.2070000000001,494.2070000000001,479.8484215791524,449.9301893805178,435.4959232460048,427.0182278340203,411.3133018530146,-14.35857842084772,-29.9182321986346,-14.434266134512995,-8.477695411984485,-15.704925981005715,-82.89369814698551
LAO,Lao People's Democratic Republic,East Asia & Pacific,Lower middle income,117.966,117.966,169.73509296835886,226.81163556698235,309.96995010142894,367.8674729526454,440.689123039301,51.76909296835886,57.07654259862349,83.15831453444659,57.89752285121648,72.82165008665561,322.723123039301,117.966,117.966,113.24430506851562,115.17585484208834,119.18187084802403,123.26186211798742,128.57509225312504,-4.721694931484379,1.9315497735727263,4.006016005935692,4.0799912699633865,5.313230135137616,10.609092253125041
LBN,Lebanon,"Middle East, North Africa, Afghanistan & Pakistan",Lower middle income,172.999,172.999,195.5807172882731,211.557387609362,267.0278030559588,294.6764601125137,339.87791388287087,22.581717288273097,15.976670321088903,55.47041544659683,27.648657056554896,45.20145377035715,166.87891388287088,172.999,172.999,175.1144769262546,175.90539806271252,180.7878810357687,184.97256310951573,191.19310860740492,2.1154769262546154,0.7909211364579107,4.88248297305617,4.184682073747041,6.220545497889191,18.194108607404928
LBR,Liberia,Sub-Saharan Africa,Low income,17.872,17.872,53.68879469615672,88.33707458220273,131.7430932021352,160.99980616802245,197.67859019639496,35.81679469615672,34.64827988604601,43.40601861993248,29.256712965887232,36.67878402837252,179.80659019639495,17.872,17.872,18.092137880186023,18.242032211710647,19.01968287405466,19.654414930089573,20.47275597524495,0.22013788018602298,0.1498943315246244,0.777650662344012,0.6347320560349132,0.8183410451553783,2.600755975244951
LBY,Libya,"Middle East, North Africa, Afghanistan & Pakistan",Upper middle income,277.6952844330742,277.6952844330742,271.9601287446118,249.9732341096004,264.2344152887711,264.8687569710498,300.83712142094686,-5.7351556884624415,-21.986894635011367,14.261181179170705,0.6343416822786594,35.96836444989708,23.141836987872637,277.6952844330742,277.6952844330742,305.13433355224373,337.83497735126093,377.26791108079095,415.47577738660686,457.018202342893,27.43904911916951,32.7006437990172,39.43293372953002,38.20786630581591,41.54242495628614,179.32291790981878
LCA,Saint Lucia,Latin America & Caribbean,Upper middle income,6.156999999999999,6.156999999999999,6.362335136610572,7.208500348705288,8.58387660788406,9.62237493569556,11.02788712011094,0.20533513661057246,0.8461652120947161,1.375376259178772,1.0384983278115012,1.4055121844153788,4.8708871201109405,6.156999999999999,6.156999999999999,6.247031187528007,6.25375186939597,6.320274525211579,6.388183793688756,6.493088684552797,0.09003118752800798,0.006720681867962597,0.0665226558156089,0.0679092684771776,0.10490489086404065,0.3360886845527977
LIE,Liechtenstein,Europe & Central Asia,High income,3.688999999999999,3.688999999999999,3.27422494631652,3.7347893319170313,3.701641059126762,3.99647307198801,3.2335411896655795,-0.4147750536834791,0.4605643856005113,-0.03314827279026922,0.29483201286124805,-0.7629318823224307,-0.4554588103344197,3.688999999999999,3.688999999999999,3.4803218687754742,3.364419441820267,3.258064940214614,3.201511896417616,2.981653825493414,-0.20867813122452494,-0.11590242695520736,-0.10635450160565307,-0.05655304379699766,-0.21985807092420195,-0.707346174506585
LKA,Sri Lanka,South Asia,Lower middle income,1366.4919999999995,1366.4919999999995,1271.4683493062855,848.9990561449151,1093.2459360105966,1289.382365887309,1560.5133775763186,-95.02365069371399,-422.4692931613704,244.24687986568142,196.13642987671255,271.1310116890095,194.02137757631908,1366.4919999999995,1366.4919999999995,1409.2063284089077,1464.400992710403,1504.430420930638,1539.9098299049442,1575.88243242289,42.71432840890816,55.19466430149532,40.029428220235104,35.479408974306125,35.97260251794569,209.3904324228904
LSO,Lesotho,Sub-Saharan Africa,Lower middle income,63.59,63.59,69.74440853770136,68.91917915888892,88.08081714260334,99.27111526228758,112.56433212875685,6.154408537701357,-0.8252293788124376,19.161637983714414,11.190298119684243,13.293216866469265,48.97433212875684,63.59,63.59,81.7612180333271,101.23692533539231,124.12093551680108,145.76969672102334,167.3965322059677,18.171218033327094,19.475707302065217,22.88401018140877,21.648761204222254,21.626835484944365,103.8065322059677
LTU,Lithuania,Europe & Central Asia,High income,226.6,226.6,176.67310654332147,182.1639653779147,188.74792531354305,212.43992658891176,236.9992020693935,-49.92689345667853,5.49085883459324,6.583959935628343,23.69200127536871,24.559275480481745,10.39920206939351,226.6,226.6,225.50181682624228,225.5558038010985,227.3992964469229,227.72333262858731,229.1515769891653,-1.0981831737577181,0.05398697485622961,1.8434926458243979,0.32403618166441106,1.4282443605779918,2.551576989165312
LUX,Luxembourg,Europe & Central Asia,High income,7.573,7.573,17.861040748737267,30.941258159382503,43.60563913559606,52.58358437166363,62.62858504667868,10.288040748737266,13.080217410645236,12.664380976213554,8.977945236067576,10.045000675015046,55.05558504667868,7.573,7.573,7.669683843991491,7.685789004239817,7.78129186610791,7.844448861415983,8.009605774586664,0.09668384399149055,0.0161051602483262,0.09550286186809309,0.06315699530807262,0.16515691317068093,0.4366057745866634
LVA,Latvia,Europe & Central Asia,High income,109.9,109.9,89.32533571587157,104.3481348904324,118.04278354233804,132.6083830911154,151.4517720242764,-20.57466428412843,15.02279917456083,13.694648651905638,14.565599548777357,18.84338893316101,41.5517720242764,109.9,109.9,109.46796255769524,109.87722027812522,110.9347361805271,111.44349560354942,112.51539334048732,-0.43203744230476104,0.4092577204299772,1.0575159024018745,0.508759423022326,1.071897736937899,2.6153933404873158
MAR,Morocco,"Middle East, North Africa, Afghanistan & Pakistan",Lower middle income,1184.416,1184.416,1447.2991637046136,1600.7420113497149,1848.376174250358,2005.627973093464,2479.906882228611,262.8831637046137,153.4428476451012,247.6341629006431,157.25179884310614,474.2789091351467,1295.4908822286109,1184.416,1184.416,1223.769738228698,1274.2731143040342,1314.5921688893388,1355.020993901247,1397.670350599955,39.35373822869815,50.503376075336064,40.319054585304684,40.4288250119082,42.64935669870806,213.25435059995516
MCO,Monaco,Europe & Central Asia,High income,1.8189999999999988,1.8189999999999988,1.7892431939945397,2.083322286211246,2.156762648111016,2.325353218637087,2.4456116190856623,-0.029756806005459158,0.2940790922167065,0.07344036189976988,0.16859057052607085,0.12025840044857539,0.6266116190856634,1.8189999999999988,1.8189999999999988,1.738070046959772,1.6937994412389032,1.6272931001150266,1.592918012988649,1.5527970314894226,-0.08092995304022677,-0.04427060572086883,-0.06650634112387666,-0.03437508712637749,-0.040120981499226493,-0.26620296851057623
MDA,Republic of Moldova,Europe & Central Asia,Upper middle income,73.905,73.905,80.07945837942674,99.94623594249092,124.53173381834898,143.06615178827428,175.8811587081604,6.1744583794267385,19.866777563064176,24.585497875858067,18.5344179699253,32.815006919886116,101.9761587081604,73.905,73.905,74.7056065725861,75.08795593897354,75.595472657982,75.66101691307468,75.92585666695261,0.8006065725861049,0.3823493663874302,0.5075167190084642,0.06554425509267503,0.26483975387793635,2.0208566669526107
MDG,Madagascar,Sub-Saharan Africa,Low income,640.91,640.91,752.297066968495,813.6282810079628,951.0148830153764,1067.6724730269843,1248.380280404254,111.38706696849499,61.331214039467795,137.38660200741367,116.65759001160791,180.70780737726977,607.4702804042541,640.91,640.91,642.8364978528309,660.571917086579,686.4067554218601,711.622819541142,743.4641926143253,1.9264978528309484,17.735419233748075,25.83483833528112,25.216064119281896,31.841373073183263,102.5541926143253
MDV,Maldives,South Asia,Upper middle income,18.747,18.747,19.99102356702681,18.659333147755717,22.50346002092157,24.080842694146664,25.267911292921088,1.2440235670268116,-1.3316904192710943,3.8441268731658518,1.5773826732250953,1.1870685987744238,6.520911292921088,18.747,18.747,19.606617276373655,19.84900981438752,20.72278993201625,21.47916439335008,22.24326380850409,0.8596172763736547,0.24239253801386695,0.8737801176287299,0.7563744613338272,0.7640994151540106,3.4962638085040894
MEX,Mexico,Latin America & Caribbean,Upper middle income,9666.649,9666.649,8564.848001383789,9281.27777064891,8640.144616603948,9113.133282817127,10037.739024105233,-1101.8009986162106,716.4297692651216,-641.1331540449628,472.9886662131794,924.6057412881055,371.09002410523317,9666.649,9666.649,9784.352841390277,9947.78073471359,10192.505140444968,10329.130462548746,10561.331984709625,117.70384139027738,163.42789332331267,244.72440573137828,136.62532210377867,232.20152216087808,894.6829847096251
MHL,Marshall Islands,East Asia & Pacific,Upper middle income,0.532,0.532,0.7657019016387605,1.3265296866578633,1.6567204425919926,2.056140683216134,2.548742378212048,0.23370190163876048,0.5608277850191028,0.3301907559341293,0.3994202406241414,0.4926016949959142,2.016742378212048,0.532,0.532,0.5494166593796215,0.553954022007284,0.4997554342862066,0.5050532579220698,0.5089034939055244,0.017416659379621446,0.004537362627662578,-0.05419858772107744,0.005297823635863175,0.003850235983454575,-0.023096506094475666
MKD,North Macedonia,Europe & Central Asia,Upper middle income,129.893,129.893,124.5701723945523,117.31400457832184,114.11416367518405,118.68014192742312,137.4883014884537,-5.322827605447699,-7.256167816230459,-3.1998409031377975,4.565978252239077,18.808159561030564,7.595301488453686,129.893,129.893,131.33724996316968,133.64708653799258,135.3334969884994,136.51575207606533,138.69208544768304,1.444249963169682,2.3098365748228957,1.686410450506827,1.1822550875659203,2.176333371617716,8.79908544768304
MLI,Mali,Sub-Saharan Africa,Low income,474.7,474.7,459.681506260315,502.2637021646269,658.8495960341177,751.277498454556,881.1259405709675,-15.01849373968497,42.5821959043119,156.58589386949075,92.42790242043839,129.84844211641143,406.4259405709675,474.7,474.7,477.8800024619808,486.513489428705,506.86498784024366,525.8355072231332,548.0402051561583,3.1800024619807914,8.633486966724206,20.35149841153867,18.970519382889506,22.20469793302516,73.34020515615833
MLT,Malta,"Middle East, North Africa, Afghanistan & Pakistan",High income,31.7,31.7,32.90286616879577,39.792842508795054,42.05352642910226,44.749639763592114,48.39010109208352,1.2028661687957687,6.889976339999286,2.2606839203072084,2.6961133344898514,3.640461328491405,16.69010109208352,31.7,31.7,30.43930952432616,29.774962782789757,28.67523233989501,27.967146001225707,27.28516388784167,-1.2606904756738402,-0.6643467415364022,-1.0997304428947459,-0.7080863386693039,-0.6819821133840378,-4.41483611215833
MMR,Myanmar,East Asia & Pacific,Lower middle income,2712.9000000000005,2712.9000000000005,2733.067780333853,2634.407650007378,2665.674642930044,2404.006723062756,2967.2469433136557,20.167780333852534,-98.66013032647516,31.26699292266585,-261.66791986728776,563.2402202508997,254.34694331365517,2712.9000000000005,2712.9000000000005,2771.786873530804,2879.346183124383,3008.5117446296617,3119.053481027623,3235.067457077502,58.886873530803314,107.5593095935792,129.16556150527867,110.54173639796136,116.01397604987869,522.1674570775012
MNE,Montenegro,Europe & Central Asia,Upper middle income,17.826999999999998,17.826999999999998,17.11878586886192,26.16422839798771,35.125135841553394,41.63110337150465,50.99777089575768,-0.7082141311380781,9.04544252912579,8.960907443565684,6.505967529951256,9.366667524253032,33.170770895757684,17.826999999999998,17.826999999999998,18.513688303457947,19.135283723676405,19.90624251945429,20.639253576619343,21.33159139506926,0.6866883034579487,0.6215954202184584,0.770958795777883,0.7330110571650543,0.6923378184499178,3.504591395069262
MNG,Mongolia,East Asia & Pacific,Upper middle income,108.743,108.743,97.4008998526599,114.98361310624752,154.10757137701253,159.89356108012367,195.99171785707748,-11.34210014734009,17.582713253587613,39.123958270765016,5.785989703111142,36.0981567769538,87.24871785707748,108.743,108.743,110.90679928779365,112.34568796916032,113.67596676631707,115.42402606473632,116.77003482194102,2.163799287793651,1.4388886813666772,1.3302787971567511,1.7480592984192498,1.3460087572047001,8.02703482194103
MOZ,Mozambique,Sub-Saharan Africa,Low income,350.171,350.171,526.5677377736919,607.858398938459,814.6017776241123,973.6733271535184,1172.467846899172,176.39673777369188,81.29066116476713,206.74337868565328,159.07154952940607,198.7945197456536,822.2968468991719,350.171,350.171,355.8967706344212,358.95600944040444,371.8365491383171,387.6692484580985,403.2997216742366,5.725770634421224,3.0592388059832274,12.880539697912639,15.832699319781398,15.630473216138114,53.1287216742366
MRT,Mauritania,Sub-Saharan Africa,Lower middle income,62.111,62.111,66.31207667906916,87.08428208672397,122.29599595040628,144.51077525927465,174.75243587705015,4.201076679069168,20.77220540765481,35.211713863682306,22.214779308868373,30.241660617775494,112.64143587705016,62.111,62.111,54.78549960628005,56.07773431367886,58.64803389482007,61.25652285451678,64.32124817365191,-7.325500393719949,1.292234707398812,2.5702995811412066,2.6084889596967145,3.0647253191351282,2.2102481736519124
MUS,Mauritius,Sub-Saharan Africa,Upper middle income,58.285,58.285,58.73487794208484,51.15124131749348,66.65319303965892,77.89594436879257,93.8311250281842,0.44987794208484644,-7.583636624591364,15.501951722165437,11.242751329133654,15.935180659391634,35.54612502818421,58.285,58.285,59.35787674355065,60.48079087185224,61.29104144149344,61.90889402732116,62.49897589729596,1.0728767435506512,1.1229141283015949,0.8102505696411981,0.6178525858277197,0.5900818699748029,4.213975897295967
MWI,Malawi,Sub-Saharan Africa,Low income,113.05,113.05,183.45846031806812,362.03181877890415,543.9092983497634,672.0946786764282,837.811304448705,70.40846031806812,178.57335846083603,181.87747957085924,128.1853803266648,165.71662577227676,724.761304448705,113.05,113.05,153.38240939298345,193.30722802701408,237.5643096480755,283.7857684963657,330.418828476653,40.33240939298345,39.92481863403063,44.25708162106142,46.22145884829018,46.63305998028733,217.368828476653
MYS,Malaysia,East Asia & Pacific,Upper middle income,2590.7,2590.7,2576.3848138724347,2945.73730337078,2908.872148117558,3166.521724939438,3095.703489576852,-14.315186127565084,369.3524894983452,-36.86515525322193,257.64957682188015,-70.81823536258617,505.0034895768522,2590.7,2590.7,2495.7949584391868,2446.311021669578,2349.3775041346094,2315.758157008092,2232.1713101735854,-94.90504156081306,-49.48393676960859,-96.93351753496881,-33.61934712651737,-83.58684683450656,-358.5286898264144
NAM,Namibia,Sub-Saharan Africa,Lower middle income,45.057,45.057,43.672311339845216,69.06330373534949,95.00093591108052,113.96299220528152,140.28032602002543,-1.3846886601547865,25.390992395504277,25.937632175731025,18.962056294201005,26.317333814743904,95.22332602002543,45.057,45.057,64.69003279959612,80.62150185184959,101.24220894828152,119.76677174283182,134.04630259363108,19.633032799596123,15.931469052253462,20.62070709643193,18.524562794550306,14.279530850799262,88.98930259363108
NER,Niger,Sub-Saharan Africa,Low income,712.076,712.076,531.3884576293281,465.23700775489,542.565278728743,604.584986132877,763.463640005497,-180.68754237067196,-66.15144987443807,77.32827097385302,62.01970740413401,158.87865387262002,51.38764000549702,712.076,712.076,740.1144024794736,771.242177436743,806.9957575988675,841.9702186196624,866.3066233425113,28.038402479473575,31.127774957269366,35.753580162124535,34.974461020794934,24.336404722848897,154.2306233425113
NGA,Nigeria,Sub-Saharan Africa,Lower middle income,8173.951999999999,8173.951999999999,9508.90943393756,5654.356547607772,6931.253665149399,7992.54545570201,9071.332519745816,1334.9574339375613,-3854.5528863297886,1276.8971175416273,1061.291790552611,1078.787064043806,897.3805197458169,8173.951999999999,8173.951999999999,8457.289582105388,8441.152251670643,8807.057194548093,9131.634265034389,9494.119842445036,283.3375821053887,-16.13733043474531,365.9049428774506,324.57707048629527,362.48557741064724,1320.1678424450365
NIC,Nicaragua,Latin America & Caribbean,Lower middle income,307.191,307.191,335.1465551378392,265.6152460278541,297.115704942663,340.97355346568565,379.164275059708,27.955555137839212,-69.5313091099851,31.500458914808917,43.85784852302265,38.190721594022364,71.97327505970804,307.191,307.191,315.90117832774,329.4535292119451,329.2713178329718,338.333182493634,350.60058538651214,8.710178327740039,13.552350884205111,-0.18221137897330664,9.061864660662195,12.267402892878124,43.40958538651216
NLD,Netherlands (Kingdom of the),Europe & Central Asia,High income,796.3,796.3,898.8167188804131,1130.3921069392552,1261.669530630972,1427.807978820225,1552.0970223040017,102.51671888041312,231.57538805884212,131.27742369171688,166.1384481892528,124.28904348377682,755.7970223040018,796.3,796.3,800.6839272034852,797.3734808045672,803.7976695956565,803.6283254510232,813.7320042874269,4.3839272034852,-3.310446398917975,6.424188791089364,-0.16934414463332814,10.103678836403674,17.432004287426935
NOR,Norway,Europe & Central Asia,High income,192.5,192.5,222.8463136204439,302.96473527003246,369.27566338253854,425.94733907806585,489.797471199308,30.346313620443908,80.11842164958856,66.31092811250608,56.67167569552731,63.850132121242154,297.297471199308,192.5,192.5,182.85897744634565,177.6650521515189,171.22881381809623,168.8737960417377,165.23694084054523,-9.641022553654352,-5.193925294826755,-6.436238333422665,-2.3550177763585225,-3.636855201192475,-27.26305915945477
NPL,Nepal,South Asia,Lower middle income,1071.847,1071.847,1082.541976523456,1302.0458020473332,1545.454520434576,1352.0351335929738,1672.8593416085248,10.694976523456035,219.50382552387714,243.40871838724274,-193.4193868416021,320.824208015551,601.0123416085248,1071.847,1071.847,1105.8096305455117,1144.923669584227,1189.9276257799054,1245.1549279028038,1288.917810042214,33.96263054551173,39.11403903871519,45.003956195678484,55.227302122898436,43.76288213941007,217.0708100422139
NRU,Nauru,East Asia & Pacific,High income,0.6232636091379081,0.6232636091379081,0.6011344454153789,0.6366513923801508,0.6778603168657442,0.7335671746116948,0.7339457186695416,-0.022129163722529266,0.03551694696477192,0.041208924485593434,0.05570685774595063,0.0003785440578467636,0.11068210953163349,0.6232636091379081,0.6232636091379081,0.6000527845152753,0.5762193282591994,0.5590404904297701,0.5492303592830092,0.5319201976626199,-0.023210824622632797,-0.023833456256075913,-0.017178837829429305,-0.009810131146760881,-0.01731016162038934,-0.09134341147528824
NZL,New Zealand,East Asia & Pacific,High income,263.7,263.7,240.46110087521205,312.6222666249403,367.4450049352664,418.42994680819936,474.2413941558777,-23.238899124787935,72.16116574972827,54.82273831032609,50.98494187293295,55.811447347678325,210.5413941558777,263.7,263.7,246.0212354593169,241.03631288113328,234.3854916439,231.58399587525383,227.7366340571322,-17.67876454068309,-4.984922578183614,-6.650821237233288,-2.801495768646163,-3.847361818121641,-35.963365942867796
OMN,Oman,"Middle East, North Africa, Afghanistan & Pakistan",High income,232.75100000000003,232.75100000000003,277.0160778050181,362.9264722879619,392.4158521212702,389.9993876820509,470.9300429470253,44.26507780501805,85.91039448294379,29.489379833308305,-2.4164644392192827,80.9306552649744,238.17904294702527,232.75100000000003,232.75100000000003,226.86053042464,223.79347447540437,213.12345131672456,202.95236013965177,201.9489546141842,-5.890469575360044,-3.0670559492356233,-10.670023158679811,-10.171091177072782,-1.0034055254675707,-30.80204538581583
PAK,Pakistan,"Middle East, North Africa, Afghanistan & Pakistan",Lower middle income,11219.247,11219.247,12939.726496678191,10839.589760582296,13206.854583675113,11608.204599829469,14098.893513492543,1720.479496678192,-2100.1367360958957,2367.264823092817,-1598.6499838456439,2490.6889136630743,2879.646513492544,11219.247,11219.247,11476.900504729156,12085.895419012491,12507.88774687882,12954.969527315856,13486.830677537708,257.65350472915634,608.9949142833357,421.9923278663282,447.0817804370363,531.8611502218519,2267.5836775377084
PAN,Panama,Latin America & Caribbean,High income,152.60300000000004,152.60300000000004,101.49640281956866,155.6420508304128,213.1747035648517,253.2723311931755,313.14578317166314,-51.10659718043138,54.145648010844155,57.5326527344389,40.09762762832378,59.87345197848765,160.5427831716631,152.60300000000004,152.60300000000004,161.65445129573146,165.5302118339841,170.98309294338418,175.7393879361053,179.69786765570095,9.051451295731425,3.875760538252649,5.452881109400067,4.756294992721109,3.9584797195956583,27.09486765570091
PER,Peru,Latin America & Caribbean,Upper middle income,1530.6489999999997,1530.6489999999997,1008.0108493717804,1252.1169521581191,1558.3875186835478,1802.2746195560496,2219.7750982376347,-522.6381506282193,244.10610278633874,306.27056652542865,243.88710087250183,417.50047868158504,689.126098237635,1530.6489999999997,1530.6489999999997,1606.320144486257,1651.1490736604012,1707.9621572705491,1753.8857912120393,1795.885924278008,75.67114448625739,44.82892917414415,56.81308361014794,45.92363394149015,42.00013306596861,265.23692427800825
PHL,Philippines,East Asia & Pacific,Lower middle income,3585.147,3585.147,4140.861779069795,5432.474270012249,6771.174095137601,7601.433864894678,8494.917937918237,555.7147790697954,1291.6124909424534,1338.6998251253526,830.2597697570764,893.4840730235592,4909.770937918237,3585.147,3585.147,3427.5574740393004,3349.137966550426,3259.0429832834216,3183.5577578994703,3082.4758973015746,-157.58952596069958,-78.41950748887439,-90.09498326700441,-75.48522538395127,-101.08186059789568,-502.67110269842533
PLW,Palau,East Asia & Pacific,High income,0.2949999999999984,0.2949999999999984,0.4699218708266941,0.6966961521056018,0.9430095858133828,1.1202870331460442,1.312430154883999,0.17492187082669575,0.22677428127890764,0.24631343370778103,0.17727744733266138,0.19214312173795478,1.0174301548840006,0.2949999999999984,0.2949999999999984,0.284013969108274,0.2727332373401102,0.2646022361306998,0.2599589541455742,0.25176579541924,-0.010986030891724397,-0.011280731768163799,-0.008131001209410404,-0.004643281985125591,-0.008193158726334193,-0.043234204580758384
PNG,Papua New Guinea,East Asia & Pacific,Lower middle income,47.669,47.669,160.9886766119012,273.8069094911805,413.5310043908645,507.13073820306175,630.2229831877631,113.31967661190122,112.81823287927926,139.72409489968402,93.59973381219726,123.09224498470138,582.5539831877632,47.669,47.669,42.08883804976108,38.2975037923738,37.61627969212239,37.2660667251387,36.74067101396892,-5.580161950238917,-3.791334257387277,-0.6812241002514128,-0.3502129669836904,-0.5253957111697787,-10.928328986031076
POL,Poland,Europe & Central Asia,High income,3308.155,3308.155,2938.287992255067,3170.1589810708115,2735.387268743608,2876.3304795711906,3050.504778481348,-369.8670077449333,231.87098881574457,-434.77171232720366,140.9432108275828,174.17429891015718,-257.6502215186524,3308.155,3308.155,3312.8380675540075,3306.2954756319587,3347.8224997244274,3360.3159746566544,3388.5759683420883,4.683067554007266,-6.542591922048814,41.527024092468764,12.493474932226945,28.259993685433983,80.42096834208814
PRK,Democratic People's Republic of Korea,East Asia & Pacific,Low income,423.0714465226808,423.0714465226808,613.2903196135394,852.4811423752624,1150.5721308471614,1361.371004904859,1664.128171880929,190.2188730908586,239.19082276172298,298.090988471899,210.79887405769773,302.7571669760698,1241.056725358248,423.0714465226808,423.0714465226808,399.367465979122,376.288307702646,361.2481231071587,353.1867904176355,349.6776389593272,-23.70398054355877,-23.079158276475994,-15.040184595487347,-8.06133268952317,-3.5091514583082812,-73.39380756335356
PRT,Portugal,Europe & Central Asia,High income,838.0,838.0,796.9700412839161,789.1632076721381,760.8126043514247,758.6894107026787,854.5512190870313,-41.02995871608391,-7.806833611777961,-28.35060332071339,-2.123193648745996,95.86180838435257,16.551219087031313,838.0,838.0,839.3672713153373,843.6268014907208,850.54224411108,850.4762363916824,855.3978458550172,1.367271315337348,4.259530175383475,6.915442620359158,-0.06600771939758943,4.921609463334789,17.39784585501718
PRY,Paraguay,Latin America & Caribbean,Upper middle income,355.45,355.45,386.8253114385725,381.87385903208,402.67784923424045,437.64657164693887,439.52142650429965,31.37531143857251,-4.9514524064924785,20.803990202160435,34.96872241269841,1.8748548573607877,84.07142650429967,355.45,355.45,364.8854023051189,366.954761890268,374.5481633378096,382.9314201777013,396.7022322268164,9.435402305118885,2.0693595851491295,7.593401447541623,8.383256839891658,13.770812049115136,41.25223222681643
PSE,State of Palestine,"Middle East, North Africa, Afghanistan & Pakistan",Lower middle income,103.255,103.255,101.35615904038822,129.6174324472565,161.159736539596,172.38491734794047,209.9719150008901,-1.8988409596117748,28.261273406868284,31.542304092339492,11.225180808344476,37.586997652949634,106.71691500089011,103.255,103.255,140.24856086278325,177.4291961095368,222.8802796139618,265.58073740153304,304.7633467327745,36.993560862783255,37.18063524675355,45.451083504424986,42.70045778757125,39.18260933124145,201.5083467327745
QAT,Qatar,"Middle East, North Africa, Afghanistan & Pakistan",High income,112.682,112.682,144.846064308853,193.62361236428555,228.9585054866826,253.52921618523172,309.6249692128344,32.164064308852986,48.77754805543256,35.33489312239706,24.570710698549107,56.09575302760268,196.94296921283438,112.682,112.682,108.52788359680378,105.44014441471997,100.69306815926362,97.85447393678427,97.51304680525176,-4.154116403196227,-3.0877391820838085,-4.747076255456349,-2.838594222479344,-0.34142713153251236,-15.16895319474824
ROU,Romania,Europe & Central Asia,High income,1413.4,1413.4,1297.8936081595184,1366.89261951022,1244.9749330051357,1303.2562910139009,1417.05345277203,-115.50639184048168,68.9990113507015,-121.91768650508425,58.28135800876521,113.79716175812905,3.653452772029823,1413.4,1413.4,1415.7845027723708,1414.8793538827476,1425.1311890367117,1423.1516868514148,1435.1582695213228,2.3845027723707517,-0.9051488896232058,10.251835153964066,-1.9795021852969512,12.006582669908084,21.758269521322745
RUS,Russian Federation,Europe & Central Asia,High income,10488.731,10488.731,9939.443535686352,9848.918335094057,9563.668985288852,9887.129638918615,10288.943447448748,-549.2874643136474,-90.52520059229573,-285.2493498052045,323.4606536297633,401.8138085301325,-199.7875525512518,10488.731,10488.731,10550.037883996813,10475.22603931112,10567.291493336746,10575.549942624277,10610.123870864714,61.30688399681276,-74.81184468569336,92.06545402562733,8.258449287530311,34.57392824043745,121.3928708647145
RWA,Rwanda,Sub-Saharan Africa,Low income,268.604,268.604,270.7692611628517,384.1420159455521,562.9841571068231,677.3058878649387,842.4761996406656,2.1652611628517207,113.37275478270038,178.842141161271,114.32173075811556,165.170311775727,573.8721996406657,268.604,268.604,281.99908227653714,293.217856135165,303.93811401230755,314.8661890861357,327.2763580370794,13.395082276537153,11.218773858627856,10.720257877142558,10.928075073828154,12.410168950943671,58.67235803707939
SAU,Saudi Arabia,"Middle East, North Africa, Afghanistan & Pakistan",High income,750.25,750.25,1183.5372619988434,1751.2261852730444,2276.019151952466,2631.81020812422,3212.2378692801544,433.2872619988434,567.688923274201,524.7929666794216,355.791056171754,580.4276611559344,2461.9878692801544,750.25,750.25,721.4163717920819,699.3048756141433,670.0284149187586,650.6645065814695,646.5638611793936,-28.833628207918082,-22.111496177938648,-29.276460695384685,-19.363908337289104,-4.100645402075884,-103.6861388206064
SDN,Sudan,Sub-Saharan Africa,Low income,220.999,220.999,497.53962885058274,841.5182074798315,1234.330097038761,1505.6871669897148,1864.8086295922808,276.5406288505827,343.9785786292488,392.8118895589296,271.3570699509537,359.121462602566,1643.8096295922808,220.999,220.999,224.8338064727115,230.72563162706533,239.96084566607476,249.18481026376543,260.5883282906571,3.834806472711506,5.891825154353825,9.235214039009435,9.223964597690667,11.403518026891675,39.58932829065711
SEN,Senegal,Sub-Saharan Africa,Lower middle income,469.864,469.864,433.0137858908221,510.4497107181639,590.7930033796865,658.3102260733843,811.2804453972686,-36.8502141091779,77.43592482734181,80.34329266152264,67.51722269369782,152.9702193238843,341.41644539726866,469.864,469.864,495.0070210716686,511.1713277378511,530.8898861893374,550.2069269588585,567.0704022107416,25.143021071668613,16.164306666182483,19.71855845148633,19.3170407695211,16.863475251883074,97.2064022107416
SGP,Singapore,East Asia & Pacific,High income,212.215,212.215,255.40088529718184,294.9039992736942,350.5351291082342,401.67603965854266,404.1402346255982,43.18588529718184,39.50311397651234,55.63112983453999,51.14091055030849,2.464194967055562,191.92523462559822,212.215,212.215,206.60182829526252,197.61655049040135,192.9093032656413,191.38846801429617,182.04367131056583,-5.613171704737482,-8.98527780486117,-4.707247224760039,-1.5208352513451473,-9.344796703730339,-30.171328689434176
SLB,Solomon Islands,East Asia & Pacific,Lower middle income,22.472,22.472,24.744273676452053,25.86009672774612,31.77451513286102,34.617879583054204,40.034702321670686,2.272273676452052,1.1158230512940683,5.914418405114898,2.843364450193185,5.416822738616482,17.562702321670685,22.472,22.472,21.050673753498824,19.713380499401577,19.20353841220972,18.6119650936153,18.307835399200645,-1.4213262465011773,-1.337293254097247,-0.5098420871918563,-0.5915733185944205,-0.3041296944146552,-4.1641646007993565
SLE,Sierra Leone,Sub-Saharan Africa,Low income,107.61,107.61,127.00403409155722,157.53627898164484,202.64506906227317,237.73657528543723,290.17662861392654,19.394034091557216,30.532244890087625,45.108790080628324,35.09150622316406,52.44005332848931,182.56662861392653,107.61,107.61,109.82010949090385,112.5127859101756,117.2717463416839,121.8787295369364,127.23507152365848,2.2101094909038466,2.6926764192717485,4.758960431508299,4.606983195252511,5.356341986722072,19.625071523658477
SLV,El Salvador,Latin America & Caribbean,Upper middle income,413.368,413.368,416.3905628603197,345.9075644165968,367.5665303230609,373.0269700764509,393.3969736310762,3.022562860319681,-70.48299844372286,21.65896590646406,5.4604397533900055,20.370003554625328,-19.971026368923788,413.368,413.368,421.7204215140185,427.4307164047376,438.2247767079476,447.46448771005504,461.1151245982507,8.352421514018488,5.710294890719126,10.794060303210017,9.239711002107413,13.650636888195663,47.74712459825071
SMR,San Marino,Europe & Central Asia,High income,3.9169999999999994,3.9169999999999994,3.3110542650697723,3.3739089612070368,2.942987642908185,2.904926354800323,2.6946635006829074,-0.6059457349302271,0.06285469613726447,-0.43092131829885183,-0.03806128810786191,-0.21026285411741563,-1.222336499317092,3.9169999999999994,3.9169999999999994,3.7427269785274486,3.647395498258816,3.5041820083290607,3.4301593495747893,3.343763591173212,-0.17427302147255075,-0.0953314802686327,-0.14321348992975524,-0.07402265875427139,-0.0863957584015771,-0.5732364088267872
SOM,Somalia,Sub-Saharan Africa,Low income,78.168,78.168,128.67643376522713,197.45116134383116,281.41564597763494,341.74526452111894,425.1916902813128,50.508433765227124,68.77472757860403,83.96448463380378,60.329618543484,83.44642576019385,347.0236902813128,78.168,78.168,83.72719983984535,90.93945953758389,100.08632622621973,109.5256656654376,120.846619211231,5.559199839845348,7.212259697738531,9.14686668863584,9.439339439217875,11.320953545793401,42.678619211230995
SRB,Serbia,Europe & Central Asia,Upper middle income,2174.343,2174.343,1940.7680368492,2012.6833625913591,1736.1954624054297,1806.7648150485495,1984.0253525087835,-233.57496315079993,71.91532574215921,-276.48790018592945,70.56935264311983,177.260537460234,-190.31764749121635,2174.343,2174.343,2181.3759623353208,2183.615475191002,2200.9288048359854,2199.897702181215,2219.8041176866604,7.032962335320917,2.239512855681369,17.31332964498324,-1.0311026547701658,19.90641550544524,45.4611176866606
SSD,South Sudan,Sub-Saharan Africa,Low income,25.947,25.947,67.01786211540731,119.71406165291349,179.1452124553837,220.2706752569593,274.8819610772737,41.07086211540731,52.696199537506175,59.43115080247021,41.125462801575594,54.61128582031438,248.93496107727367,25.947,25.947,32.86692071018216,42.93122788835002,52.88472003441973,63.14983828313615,75.04244064758649,6.919920710182158,10.064307178167866,9.953492146069706,10.26511824871642,11.89260236445034,49.095440647586486
STP,Sao Tome and Principe,Sub-Saharan Africa,Lower middle income,2.9059999999999997,2.9059999999999997,3.796096848373108,4.282371443294271,5.657902512904666,6.586743208392034,7.6754790917926625,0.8900968483731084,0.4862745949211629,1.3755310696103953,0.9288406954873674,1.0887358834006289,4.769479091792663,2.9059999999999997,2.9059999999999997,2.8082137910525056,2.58179505216871,2.529511059476373,2.486436512183647,2.4422956630288475,-0.09778620894749412,-0.2264187388837957,-0.052283992692336856,-0.043074547292726084,-0.04414084915479943,-0.4637043369711522
SUR,Suriname,Latin America & Caribbean,Upper middle income,24.109,24.109,15.785621372005227,18.525120266596225,22.313073081580104,26.156347321958897,31.69793227085143,-8.323378627994774,2.739498894590998,3.7879528149838784,3.8432742403787934,5.541584948892535,7.58893227085143,24.109,24.109,24.773713251273197,25.431866205475917,25.695269371632097,26.40566104053532,27.02018952944405,0.664713251273195,0.6581529542027198,0.26340316615618065,0.7103916689032239,0.6145284889087286,2.911189529444048
SVK,Slovakia,Europe & Central Asia,High income,576.8,576.8,566.5200931008641,605.59223259558,488.3509283936052,481.9871247368865,442.6155205383361,-10.27990689913588,39.072139494715884,-117.24130420197474,-6.363803656718687,-39.371604198550415,-134.18447946166384,576.8,576.8,578.0587709973871,573.971404431254,579.8346036422314,579.4823442967664,588.3821063070202,1.2587709973871597,-4.0873665661331415,5.863199210977427,-0.3522593454649723,8.899762010253767,11.58210630702024
SVN,Slovenia,Europe & Central Asia,High income,221.4,221.4,221.11791801821056,243.77287488597025,201.94328711807165,196.49345516610077,181.2626844960689,-0.282081981789446,22.654956867759694,-41.8295877678986,-5.449831951970879,-15.230770670031859,-40.13731550393109,221.4,221.4,221.2035331233328,221.1269418635536,223.08477902586503,222.50044273949172,225.48276146358788,-0.19646687666721618,-0.07659125977917824,1.9578371623114208,-0.5843362863733148,2.98231872409616,4.082761463587872
SWE,Sweden,Europe & Central Asia,High income,499.9,499.9,598.4121049243884,730.0649316981385,781.4528192579568,871.420698099879,946.9998846039642,98.51210492438838,131.65282677375012,51.387887559818296,89.96787884192224,75.57918650408521,447.09988460396426,499.9,499.9,498.8556145199653,495.89786881728816,499.0327032308727,498.210191856811,503.8611611354559,-1.0443854800346912,-2.95774570267713,3.1348344135845423,-0.8225113740617189,5.650969278644936,3.9611611354559386
SWZ,Eswatini,Sub-Saharan Africa,Lower middle income,36.412,36.412,39.174205023118674,34.45795360825554,42.89921260190938,48.93988003909193,56.88587324182488,2.7622050231186748,-4.71625141486313,8.44125899365384,6.040667437182549,7.94599320273295,20.473873241824883,36.412,36.412,50.04349257506514,61.9339690138317,78.0703410906123,92.91224882835134,106.2705949421284,13.631492575065138,11.890476438766562,16.136372076780603,14.841907737739035,13.35834611377706,69.8585949421284
SYC,Seychelles,Sub-Saharan Africa,High income,1.3549999999999984,1.3549999999999984,2.6122612667142,3.579841524574489,5.116689151856226,6.135653793886572,7.459065348768007,1.2572612667142014,0.967580257860289,1.5368476272817375,1.0189646420303458,1.3234115548814351,6.1040653487680085,1.3549999999999984,1.3549999999999984,1.3758780598498634,1.3409095605123205,1.3493580918885886,1.358403109222986,1.3738864858867184,0.020878059849865016,-0.03496849933754298,0.008448531376268109,0.009045017334397443,0.01548337666373234,0.018886485886719928
SYR,Syrian Arab Republic,"Middle East, North Africa, Afghanistan & Pakistan",Low income,702.336,702.336,780.8332046195604,831.5616831729113,880.9756212457801,954.0282543413008,1190.794905300468,78.49720461956042,50.7284785533509,49.413938072868746,73.05263309552072,236.76665095916712,488.4589053004679,702.336,702.336,757.6602910503459,831.3379551528037,886.9367321929608,966.39907501323,1055.0299510874177,55.32429105034589,73.67766410245781,55.598777040157074,79.46234282026921,88.63087607418765,352.69395108741764
TCD,Chad,Sub-Saharan Africa,Low income,313.1039999999999,313.1039999999999,311.87967894766297,333.04827524026587,386.2543850424262,434.8645770510244,516.3628799075844,-1.2243210523369612,21.1685962926029,53.20610980216031,48.61019200859823,81.49830285656003,203.25887990758451,313.1039999999999,313.1039999999999,321.4520980795966,332.86274899025506,347.7380303566337,361.0369898765335,373.8855177994332,8.348098079596696,11.410650910658433,14.875281366378658,13.298959519899768,12.848527922899734,60.78151779943329
TGO,Togo,Sub-Saharan Africa,Low income,481.999,481.999,401.2796035967485,416.6448683329512,292.86783309113287,324.3223635497451,393.91716476598657,-80.71939640325155,15.365264736202732,-123.77703524181834,31.454530458612226,69.59480121624148,-88.08183523401345,481.999,481.999,504.6265006333254,521.9937456978728,552.1327069742283,573.1480620198154,593.5400180771461,22.627500633325383,17.367245064547376,30.13896127635553,21.015355045587057,20.39195605733073,111.54101807714608
THA,Thailand,East Asia & Pacific,Upper middle income,6287.381,6287.381,5540.59648361946,5963.032148120999,5552.313576814351,5947.051141327118,6231.307606098263,-746.7845163805405,422.4356645015396,-410.7185713066483,394.73756451276677,284.25646477114515,-56.07339390173729,6287.381,6287.381,6355.001515265579,6425.04093521425,6550.295230512769,6618.103003834033,6752.304361159544,67.62051526557843,70.03941994867091,125.25429529851954,67.807773321264,134.2013573255108,464.9233611595437
TJK,Tajikistan,Europe & Central Asia,Lower middle income,113.60899999999998,113.60899999999998,196.24570520204463,274.0591466136872,371.4482673952092,424.565882536066,525.4821110400474,82.63670520204465,77.81344141164254,97.38912078152202,53.1176151408568,100.91622850398136,411.8731110400474,113.60899999999998,113.60899999999998,117.704751578838,122.62064389679502,125.63096849857033,130.54958463196408,134.86412476444505,4.095751578838019,4.915892317957017,3.0103246017753094,4.918616133393755,4.314540132480971,21.25512476444507
TKM,Turkmenistan,Europe & Central Asia,Upper middle income,278.8182865230968,278.8182865230968,260.59256557512384,297.58957870416,336.83243250756,358.15120345432774,425.0324948828695,-18.225720947972945,36.997013129036134,39.24285380340001,21.318770946767756,66.88129142854177,146.21420835977273,278.8182865230968,278.8182865230968,265.29577871813655,256.7827321982627,248.0216387311397,240.9410019737394,238.63503075598496,-13.522507804960242,-8.513046519873853,-8.761093467123004,-7.080636757400299,-2.3059712177544327,-40.18325576711183
TLS,Timor-Leste,East Asia & Pacific,Lower middle income,13.534999999999998,13.534999999999998,28.299094730916043,40.06622111257576,58.0354078872575,69.73232535544382,84.7784573050794,14.764094730916044,11.767126381659718,17.969186774681738,11.69691746818632,15.04613194963558,71.2434573050794,13.534999999999998,13.534999999999998,13.98868345590328,14.129163691676087,14.73491800918381,15.322063495754051,16.066869758533326,0.4536834559032812,0.14048023577280766,0.6057543175077225,0.5871454865702415,0.7448062627792744,2.531869758533327
TON,Tonga,East Asia & Pacific,Upper middle income,4.287999999999999,4.287999999999999,4.471429784057452,4.623678708263987,5.675222469335807,6.175752097187948,6.828364876348615,0.18342978405745303,0.15224892420653457,1.0515437610718203,0.5005296278521403,0.6526127791606671,2.5403648763486153,4.287999999999999,4.287999999999999,4.432223083621078,4.510892011634748,4.681286167707966,4.854530774038853,5.0609460931400845,0.14422308362107827,0.07866892801367076,0.1703941560732174,0.17324460633088723,0.20641531910123145,0.7729460931400851
TTO,Trinidad and Tobago,Latin America & Caribbean,High income,38.154,38.154,50.522469186155554,56.51265126262865,66.73756435821089,75.86329341997671,89.71630886941111,12.36846918615555,5.990182076473097,10.224913095582238,9.125729061765824,13.853015449434395,51.562308869411105,38.154,38.154,36.73365291039275,34.02333680840315,32.520786903536646,31.76066191300557,31.360966294118978,-1.4203470896072545,-2.710316101989598,-1.5025499048665054,-0.7601249905310752,-0.399695618886593,-6.793033705881026
TUN,Tunisia,"Middle East, North Africa, Afghanistan & Pakistan",Lower middle income,658.0960000000001,658.0960000000001,711.2288883077271,673.9628024925734,759.7445674322486,806.8951845272962,867.4403676681928,53.132888307726944,-37.2660858151537,85.78176493967521,47.150617095047664,60.5451831408966,209.34436766819272,658.0960000000001,658.0960000000001,689.8841033742232,731.1147407041424,774.7705265858209,813.9094790992984,866.7983065739585,31.788103374223056,41.230637329919205,43.655785881678526,39.138952513477534,52.88882747466005,208.70230657395837
TUR,Turkey,Europe & Central Asia,Upper middle income,6085.2,6085.2,6050.903415927757,5712.265494772137,5849.875761618224,6201.685575352665,6750.604954409251,-34.296584072242695,-338.63792115562046,137.61026684608714,351.8098137344414,548.919379056586,665.4049544092513,6085.2,6085.2,6118.566476095965,6189.757587496305,6264.111206569539,6302.089467928275,6386.680841825209,33.36647609596548,71.19111140033965,74.35361907323386,37.978261358735836,84.59137389693478,301.4808418252096
TUV,Tuvalu,East Asia & Pacific,Upper middle income,0.3079999999999985,0.3079999999999985,0.3379857715455708,0.4184752824755372,0.510913788566146,0.5779882243526544,0.6671824996197637,0.029985771545572304,0.08048951092996642,0.09243850609060877,0.0670744357865084,0.08919427526710932,0.3591824996197652,0.3079999999999985,0.3079999999999985,0.3119427741282172,0.3137879431100281,0.3138126408814592,0.3169966133446141,0.3224756230457596,0.003942774128218696,0.0018451689818109185,2.4697771431103632e-05,0.0031839724631548827,0.00547900970114551,0.01447562304576111
TZA,United Republic of Tanzania,Sub-Saharan Africa,Lower middle income,1300.746,1300.746,1045.1255592162754,1437.8339252496569,1940.5309645712357,2254.037688821784,2798.462853949286,-255.6204407837247,392.7083660333815,502.6970393215788,313.50672425054813,544.4251651275022,1497.716853949286,1300.746,1300.746,1369.5001773933766,1416.2009159725153,1466.7223629759071,1520.001064859929,1564.7891614905484,68.7541773933765,46.700738579138715,50.52144700339181,53.278701884021984,44.78809663061929,264.0431614905483
UGA,Uganda,Sub-Saharan Africa,Low income,855.461,855.461,961.3799158677766,1203.1675761957945,1572.8690936847386,1774.316799833183,2081.671598490222,105.9189158677766,241.78766032801786,369.7015174889441,201.44770614844447,307.35479865703905,1226.210598490222,855.461,855.461,868.4728155630615,887.7926178381998,925.5343106962576,959.5509022013684,998.0615163965643,13.011815563061532,19.319802275138272,37.74169285805783,34.016591505110796,38.5106141951959,142.60051639656433
UKR,Ukraine,Europe & Central Asia,Upper middle income,2079.122,2079.122,1882.8817483291884,2101.876869558523,2311.645544234482,2381.720942876196,2637.358720537336,-196.2402516708114,218.9951212293347,209.76867467595866,70.0753986417144,255.6377776611398,558.2367205373362,2079.122,2079.122,1980.669649038853,1919.6937015372505,1867.3141543858333,1814.2462429667464,1784.2502698947906,-98.45235096114675,-60.975947501602604,-52.37954715141723,-53.06791141908684,-29.99597307195586,-294.8717301052093
URY,Uruguay,Latin America & Caribbean,High income,169.431,169.431,124.6336043537762,160.25699698504363,198.57289022039623,219.6583830689898,262.9959632404529,-44.797395646223805,35.62339263126742,38.315893235352604,21.08549284859356,43.33758017146312,93.5649632404529,169.431,169.431,174.72355613625356,176.1757309541056,179.46543225620775,181.58286198193716,183.62501013123665,5.292556136253552,1.4521748178520397,3.289701302102145,2.1174297257294086,2.042148149299493,14.194010131236638
USA,United States of America,North America,High income,15636.639,15636.639,17151.41068409986,21148.69762255693,23345.68440056777,26812.541806441583,29911.67455109245,1514.771684099862,3997.2869384570695,2196.9867780108398,3466.8574058738122,3099.132744650866,14275.03555109245,15636.639,15636.639,15000.006578450968,14519.80797297636,13943.121919040908,13697.568219849449,13344.472569932244,-636.6324215490313,-480.1986054746085,-576.6860539354511,-245.5536991914596,-353.09564991720436,-2292.166430067755
UZB,Uzbekistan,Europe & Central Asia,Lower middle income,1183.564,1183.564,1454.7019338521286,1551.2774676364577,1880.3196112838652,2012.6574671102203,2468.283353818655,271.1379338521285,96.57553378432908,329.04214364740756,132.33785582635505,455.6258867084348,1284.719353818655,1183.564,1183.564,1156.6929382735989,1094.3015200839568,1060.409684219924,1022.3388975999262,1016.4202358393078,-26.871061726401194,-62.39141818964208,-33.89183586403283,-38.07078661999776,-5.91866176061842,-167.14376416069229
VCT,Saint Vincent and the Grenadines,Latin America & Caribbean,Upper middle income,2.443999999999999,2.443999999999999,3.1740268808414527,3.948778173575989,5.051124738767783,5.692062466934964,6.510016892184873,0.7300268808414536,0.7747512927345364,1.1023465651917936,0.6409377281671818,0.8179544252499085,4.066016892184874,2.443999999999999,2.443999999999999,3.043670315572944,3.580447833813966,4.275138435482061,4.918674931039233,5.507344523581887,0.5996703155729448,0.5367775182410219,0.6946906016680954,0.6435364955571714,0.5886695925426544,3.063344523581888
VEN,Venezuela (Bolivarian Republic of),Latin America & Caribbean,,1577.0640000000003,1577.0640000000003,1409.4747557130208,1401.9471377517252,1518.058380528598,1632.5710258654217,1810.1095134421607,-167.58924428697946,-7.527617961295618,116.11124277687281,114.51264533682365,177.53848757673904,233.04551344216043,1577.0640000000003,1577.0640000000003,1614.3314285244817,1635.6215591604746,1670.342339546409,1705.4449166302672,1747.4425100357828,37.267428524481375,21.29013063599291,34.720780385934404,35.10257708385825,41.997593405515545,170.37851003578248
VNM,Viet Nam,East Asia & Pacific,Lower middle income,12147.676,12147.676,11643.856120945016,9938.927473592585,9530.27389717298,7990.115763029714,7774.769206385353,-503.8198790549832,-1704.9286473524317,-408.6535764196051,-1540.1581341432657,-215.34655664436104,-4372.906793614647,12147.676,12147.676,12278.024754077136,12526.333174018551,12766.202522598438,12897.356893932674,13189.979500004622,130.34875407713662,248.3084199414152,239.86934857988672,131.1543713342362,292.6226060719473,1042.303500004622
VUT,Vanuatu,East Asia & Pacific,Lower middle income,3.0199999999999987,3.0199999999999987,5.464315721987078,8.085877325877712,11.562731243763356,13.717831678463064,16.709845751958458,2.4443157219870795,2.621561603890634,3.4768539178856432,2.1551004346997082,2.992014073495394,13.689845751958458,3.0199999999999987,3.0199999999999987,3.0171389308438368,3.1015311369771306,3.234578442129565,3.352726099850251,3.5085617281868102,-0.0028610691561619106,0.08439220613329379,0.13304730515243435,0.11814765772068592,0.1558356283365594,0.48856172818681154
WSM,Samoa,East Asia & Pacific,Upper middle income,3.1919999999999997,3.1919999999999997,5.09945680449548,6.740726654728726,9.274261907696308,10.867976146328845,12.852526522384975,1.9074568044954803,1.641269850233246,2.5335352529675825,1.5937142386325363,1.9845503760561307,9.660526522384975,3.1919999999999997,3.1919999999999997,3.27205099127017,3.2733796390743763,3.3565699291235145,3.4277203329136707,3.5015965325550087,0.08005099127017035,0.0013286478042062733,0.08319029004913814,0.07115040379015625,0.07387619964133796,0.30959653255500896
YEM,Yemen,"Middle East, North Africa, Afghanistan & Pakistan",Low income,230.985,230.985,380.7935133673624,553.3862538622832,764.684786694567,895.5422814161312,1088.6639027751248,149.80851336736237,172.5927404949208,211.29853283228385,130.8574947215642,193.1216213589936,857.6789027751248,230.985,230.985,280.5561160052956,340.07279461019255,406.7137085828468,473.8991598902684,554.2426944064498,49.57111600529561,59.516678604896924,66.64091397265423,67.1854513074216,80.34353451618142,323.2576944064498
ZAF,South Africa,Sub-Saharan Africa,Upper middle income,1674.6300000000003,1674.6300000000003,2124.4923187400627,2898.677063395223,3580.9161685376807,4116.773696255979,4802.136288635165,449.8623187400624,774.1847446551601,682.2391051424579,535.8575277182986,685.362592379186,3127.506288635165,1674.6300000000003,1674.6300000000003,2283.871057414733,2956.133873693616,3686.593387379103,4336.5227472058605,4905.560066107425,609.2410574147327,672.2628162788828,730.4595136854873,649.9293598267573,569.0373189015645,3230.930066107425
ZMB,Zambia,Sub-Saharan Africa,Lower middle income,265.772,265.772,420.90418695453474,587.8608360540461,701.132226795486,834.2482509437574,1013.6581880439242,155.13218695453475,166.95664909951137,113.27139074143986,133.11602414827144,179.40993710016676,747.8861880439242,265.772,265.772,266.06397506421206,270.75367365383204,281.5723480262668,290.0269210440954,299.378348746724,0.29197506421206754,4.689698589619979,10.81867437243477,8.45457301782858,9.351427702628598,33.606348746723995
ZWE,Zimbabwe,Sub-Saharan Africa,Lower middle income,257.575,257.575,258.6903400645392,369.88551678278543,492.230360666082,596.3014268868125,725.9208547014792,1.1153400645392253,111.19517671824622,122.34484388329656,104.07106622073047,129.61942781466678,468.34585470147925,257.575,257.575,295.07833480857227,330.07225152226897,366.5710226610254,403.6640344826495,438.4917444686872,37.503334808572276,34.993916713696706,36.49877113875641,37.093011821624145,34.82770998603769,180.91674446868723
